"countryCode","regionCode","regionName"
"AD",6,"Sant Julia de Loria"
"AD",5,"Ordino"
"AD",4,"La Massana"
"AD",3,"Encamp"
"AD",2,"Canillo"
"AD",7,"Andorra la Vella"
"AD",8,"Escaldes-Engordany"
"AE",7,"Umm al Qaywayn"
"AE",5,"Ra's al Khaymah"
"AE",3,"Dubai"
"AE",6,"Ash Shariqah"
"AE",4,"Al Fujayrah"
"AE",2,"Ajman"
"AE",1,"Abu Dhabi"
"AF",28,"Zabul"
"AF",27,"Vardak"
"AF",26,"Takhar"
"AF",33,"Sar-e Pol"
"AF",32,"Samangan"
"AF",40,"Parwan"
"AF",29,"Paktika"
"AF",36,"Paktia"
"AF",39,"Oruzgan"
"AF",19,"Nimroz"
"AF",18,"Nangarhar"
"AF",17,"Logar"
"AF",35,"Laghman"
"AF",24,"Kunduz"
"AF",34,"Kunar"
"AF",14,"Kapisa"
"AF",23,"Kandahar"
"AF",13,"Kabul"
"AF",31,"Jowzjan"
"AF",11,"Herat"
"AF",10,"Helmand"
"AF",9,"Ghowr"
"AF",8,"Ghazni"
"AF",7,"Faryab"
"AF",6,"Farah"
"AF",5,"Bamyan"
"AF",30,"Balkh"
"AF",3,"Baghlan"
"AF",2,"Badghis"
"AF",1,"Badakhshan"
"AF",37,"Khowst"
"AF",38,"Nuristan"
"AF",41,"Daykundi"
"AF",42,"Panjshir"
"AG",8,"Saint Philip"
"AG",7,"Saint Peter"
"AG",6,"Saint Paul"
"AG",5,"Saint Mary"
"AG",4,"Saint John"
"AG",3,"Saint George"
"AG",9,"Redonda"
"AG",1,"Barbuda"
"AI",11205389,"Blowing Point"
"AI",11205392,"Sandy Ground"
"AI",11205393,"Sandy Hill"
"AI",11205396,"The Valley"
"AI",11205433,"East End"
"AI",11205436,"North Hill"
"AI",11205437,"West End"
"AI",11205438,"South Hill"
"AI",11205439,"The Quarter"
"AI",11205440,"North Side"
"AI",11205441,"Island Harbour"
"AI",11205442,"George Hill"
"AI",11205443,"Stoney Ground"
"AI",11205444,"The Farrington"
"AL",40,"Berat"
"AL",41,"Diber"
"AL",43,"Elbasan"
"AL",45,"Gjirokaster"
"AL",46,"Korce"
"AL",47,"Kukes"
"AL",42,"Durres"
"AL",44,"Fier"
"AL",48,"Lezhe"
"AL",49,"Shkoder"
"AL",50,"Tirane"
"AL",51,"Vlore"
"AM",2,"Ararat"
"AM",8,"Syunik"
"AM",10,"Vayots Dzor"
"AM",11,"Yerevan"
"AM",1,"Aragatsotn"
"AM",3,"Armavir"
"AM",4,"Gegharkunik"
"AM",5,"Kotayk"
"AM",6,"Lori"
"AM",7,"Shirak"
"AM",9,"Tavush"
"AO",18,"Lunda Sul"
"AO",17,"Luanda Norte"
"AO",14,"Moxico"
"AO",4,"Cuando Cobango"
"AO",16,"Zaire"
"AO",15,"Uige"
"AO",12,"Malanje"
"AO",20,"Luanda"
"AO",5,"Cuanza Norte"
"AO",3,"Cabinda"
"AO",19,"Bengo"
"AO",13,"Namibe"
"AO",9,"Huila"
"AO",8,"Huambo"
"AO",7,"Cunene"
"AO",6,"Kwanza Sul"
"AO",2,"Bie"
"AO",1,"Benguela"
"AR",14,"Misiones"
"AR",9,"Formosa"
"AR",7,"Buenos Aires F.D."
"AR",8,"Entre Rios"
"AR",6,"Corrientes"
"AR",1,"Buenos Aires"
"AR",24,"Tucuman"
"AR",23,"Tierra del Fuego"
"AR",22,"Santiago del Estero"
"AR",21,"Santa Fe"
"AR",20,"Santa Cruz"
"AR",19,"San Luis"
"AR",18,"San Juan"
"AR",17,"Salta"
"AR",16,"Rio Negro"
"AR",15,"Neuquen"
"AR",13,"Mendoza"
"AR",12,"La Rioja"
"AR",11,"La Pampa"
"AR",10,"Jujuy"
"AR",5,"Cordoba"
"AR",4,"Chubut"
"AR",3,"Chaco"
"AR",2,"Catamarca"
"AS",50,"Western District"
"AS",40,"Swains Island"
"AS",10,"Eastern District"
"AS",20,"Manu'a"
"AS",30,"Rose Island"
"AT",9,"Vienna"
"AT",8,"Vorarlberg"
"AT",7,"Tyrol"
"AT",6,"Styria"
"AT",5,"Salzburg"
"AT",4,"Upper Austria"
"AT",3,"Lower Austria"
"AT",2,"Carinthia"
"AT",1,"Burgenland"
"AU",8,"Western Australia"
"AU",5,"South Australia"
"AU",3,"Northern Territory"
"AU",7,"Victoria"
"AU",6,"Tasmania"
"AU",4,"Queensland"
"AU",2,"New South Wales"
"AU",1,"ACT"
"AX",211,"Mariehamns stad"
"AX",212,"Alands landsbygd"
"AX",213,"Alands skaergard"
"AZ",12,"Beylaqan"
"AZ",69,"Zangilan Rayon"
"AZ",66,"Yardimli"
"AZ",55,"Susa"
"AZ",49,"Salyan"
"AZ",46,"Sabirabad"
"AZ",45,"Saatli"
"AZ",13,"Bilasuvar Rayon"
"AZ",36,"Neftcala"
"AZ",35,"Nakhichevan"
"AZ",32,"Masally"
"AZ",31,"Lerik"
"AZ",29,"Lankaran"
"AZ",28,"Lacin"
"AZ",43,"Qubadli"
"AZ",24,"Imisli"
"AZ",18,"Fuezuli"
"AZ",14,"Jabrayil"
"AZ",15,"Jalilabad"
"AZ",8,"Astara"
"AZ",64,"Xocali"
"AZ",2,"Aghjabadi Rayon"
"AZ",3,"Agdam"
"AZ",7,"Shirvan"
"AZ",30,"Lankaran Sahari"
"AZ",56,"Shusha"
"AZ",57,"Tartar Rayon"
"AZ",61,"Xankandi Sahari"
"AZ",65,"Khojavend"
"AZ",71,"Zardab"
"AZ",70,"Zaqatala"
"AZ",67,"Yevlax"
"AZ",37,"Oguz"
"AZ",59,"Ucar"
"AZ",58,"Tovuz"
"AZ",50,"Samaxi"
"AZ",47,"Shaki Rayon"
"AZ",51,"Shamkir Rayon"
"AZ",27,"Kurdamir Rayon"
"AZ",38,"Qabala Rayon"
"AZ",44,"Qusar"
"AZ",42,"Quba"
"AZ",62,"Goygol Rayon"
"AZ",60,"Xacmaz"
"AZ",26,"Kalbajar"
"AZ",40,"Qazax"
"AZ",21,"Goranboy"
"AZ",39,"Qakh Rayon"
"AZ",25,"Ismayilli"
"AZ",22,"Goeycay"
"AZ",17,"Shabran"
"AZ",16,"Dashkasan Rayon"
"AZ",10,"Balakan Rayon"
"AZ",11,"Barda Rayon"
"AZ",9,"Baki"
"AZ",1,"Abseron"
"AZ",6,"Agsu"
"AZ",4,"Agdas"
"AZ",19,"Gadabay Rayon"
"AZ",5,"Agstafa"
"AZ",20,"Ganja City"
"AZ",33,"Mingacevir City"
"AZ",34,"Naftalan"
"AZ",41,"Qobustan"
"AZ",52,"Samux"
"AZ",48,"Shaki City"
"AZ",53,"Siazan Rayon"
"AZ",54,"Sumqayit"
"AZ",63,"Xizi"
"AZ",68,"Yevlax City"
"AZ",23,"Haciqabul"
"AZ",75,"Nakhchivan"
"BA",1,"Federation of B&H"
"BA",2,"Srspka"
"BA","BRC","Brcko"
"BB",11,"Saint Thomas"
"BB",10,"Saint Philip"
"BB",9,"Saint Peter"
"BB",8,"Saint Michael"
"BB",7,"Saint Lucy"
"BB",6,"Saint Joseph"
"BB",5,"Saint John"
"BB",4,"Saint James"
"BB",3,"Saint George"
"BB",2,"Saint Andrew"
"BB",1,"Christ Church"
"BD",83,"Rajshahi Division"
"BD",81,"Dhaka"
"BD",84,"Chittagong"
"BD",82,"Khulna"
"BD",85,"Barisal"
"BD",86,"Sylhet"
"BD",87,"Rangpur Division"
"BD","H","Mymensingh Division"
"BE","BRU","Brussels Capital"
"BE","WAL","Wallonia"
"BE","VLG","Flanders"
"BF",1,"Boucle du Mouhoun"
"BF",2,"Cascades"
"BF",3,"Centre"
"BF",4,"Centre-Est"
"BF",5,"Centre-Nord"
"BF",6,"Centre-Ouest"
"BF",7,"Centre-Sud"
"BF",8,"Est"
"BF",9,"Hauts-Bassins"
"BF",10,"Nord"
"BF",11,"Plateau-Central"
"BF",12,"Sahel"
"BF",13,"Sud-Ouest"
"BG",52,"Razgrad"
"BG",47,"Montana"
"BG",64,"Vratsa"
"BG",61,"Varna"
"BG",40,"Dobrich"
"BG",58,"Sofia"
"BG",53,"Ruse"
"BG",51,"Plovdiv"
"BG",50,"Pleven"
"BG",49,"Pernik"
"BG",48,"Pazardzhik"
"BG",46,"Lovech"
"BG",43,"Khaskovo"
"BG",42,"Sofia-Capital"
"BG",39,"Burgas"
"BG",38,"Blagoevgrad"
"BG",41,"Gabrovo"
"BG",44,"Kurdzhali"
"BG",45,"Kyustendil"
"BG",54,"Shumen"
"BG",55,"Silistra"
"BG",56,"Sliven"
"BG",57,"Smolyan"
"BG",59,"Stara Zagora"
"BG",60,"Turgovishte"
"BG",62,"Veliko Turnovo"
"BG",63,"Vidin"
"BG",65,"Yambol"
"BH",15,"Muharraq"
"BH",16,"Manama"
"BH",17,"Southern Governorate"
"BH",19,"Northern"
"BI",17,"Makamba"
"BI",10,"Bururi"
"BI",22,"Muramvya"
"BI",13,"Gitega"
"BI",21,"Ruyigi"
"BI",11,"Cankuzo"
"BI",14,"Karuzi"
"BI",9,"Bubanza"
"BI",12,"Cibitoke"
"BI",19,"Ngozi"
"BI",15,"Kayanza"
"BI",18,"Muyinga"
"BI",16,"Kirundo"
"BI",20,"Rutana"
"BI",23,"Mwaro"
"BI",24,"Bujumbura Mairie"
"BI",25,"Bujumbura Rural"
"BI",26,"Rumonge"
"BJ",18,"Zou"
"BJ",16,"Oueme"
"BJ",15,"Mono"
"BJ",10,"Borgou"
"BJ",9,"Atlantique"
"BJ",8,"Atakora"
"BJ",7,"Alibori"
"BJ",11,"Collines"
"BJ",12,"Kouffo"
"BJ",13,"Donga"
"BJ",14,"Littoral"
"BJ",17,"Plateau"
"BM",11,"Warwick"
"BM",10,"Southampton"
"BM",9,"Smith's Parish"
"BM",8,"Sandys"
"BM",7,"Saint George's Parish"
"BM",6,"Saint George"
"BM",5,"Pembroke"
"BM",4,"Paget"
"BM",2,"Hamilton"
"BM",3,"Hamilton city"
"BM",1,"Devonshire"
"BN",4,"Tutong"
"BN",3,"Temburong"
"BN",2,"Brunei and Muara"
"BN",1,"Belait"
"BO",9,"Tarija"
"BO",8,"Santa Cruz"
"BO",7,"Potosi"
"BO",6,"Pando"
"BO",5,"Oruro"
"BO",4,"La Paz"
"BO",2,"Cochabamba"
"BO",1,"Chuquisaca"
"BO",3,"El Beni"
"BQ","BO","Bonaire"
"BQ","SB","Saba"
"BQ","SE","Sint Eustatius"
"BR",22,"Rio Grande do Norte"
"BR",20,"Piaui"
"BR",30,"Pernambuco"
"BR",17,"Paraiba"
"BR",16,"Para"
"BR",13,"Maranhao"
"BR",6,"Ceara"
"BR",3,"Amapa"
"BR",2,"Alagoas"
"BR",28,"Sergipe"
"BR",27,"Sao Paulo"
"BR",26,"Santa Catarina"
"BR",23,"Rio Grande do Sul"
"BR",21,"Rio de Janeiro"
"BR",18,"Parana"
"BR",15,"Minas Gerais"
"BR",11,"Mato Grosso do Sul"
"BR",14,"Mato Grosso"
"BR",29,"Goias"
"BR",7,"Federal District"
"BR",8,"Espirito Santo"
"BR",5,"Bahia"
"BR",31,"Tocantins"
"BR",25,"Roraima"
"BR",4,"Amazonas"
"BR",1,"Acre"
"BR",24,"Rondonia"
"BS",35,"San Salvador"
"BS",18,"Ragged Island"
"BS",32,"Berry Islands"
"BS",23,"New Providence"
"BS",16,"Mayaguana"
"BS",15,"Long Island"
"BS",13,"Inagua"
"BS",22,"Harbour Island"
"BS",25,"Freeport"
"BS",10,"Exuma"
"BS",6,"Cat Island"
"BS",5,"Bimini"
"BS",24,"Acklins"
"BS",36,"Black Point"
"BS",37,"Central Abaco"
"BS",38,"Central Andros"
"BS",39,"Central Eleuthera"
"BS",40,"Crooked Island and Long Cay"
"BS",41,"East Grand Bahama"
"BS",42,"Grand Cay"
"BS",43,"Hope Town"
"BS",44,"Mangrove Cay"
"BS",45,"Moore's Island"
"BS",46,"North Abaco"
"BS",47,"North Andros"
"BS",48,"North Eleuthera"
"BS",49,"Rum Cay"
"BS",50,"South Abaco"
"BS",51,"South Andros"
"BS",52,"South Eleuthera"
"BS",53,"Spanish Wells"
"BS",54,"West Grand Bahama"
"BT",5,"Bumthang"
"BT",6,"Chukha"
"BT",8,"Dagana"
"BT",7,"Chirang"
"BT",9,"Geylegphug"
"BT",10,"Haa"
"BT",11,"Lhuntse"
"BT",12,"Mongar"
"BT",13,"Paro"
"BT",14,"Pemagatshel"
"BT",15,"Punakha"
"BT",16,"Samchi"
"BT",17,"Samdrup Jongkhar"
"BT",18,"Shemgang"
"BT",19,"Tashigang"
"BT",20,"Thimphu"
"BT",21,"Tongsa"
"BT",22,"Wangdi Phodrang"
"BT",23,"Gasa"
"BT",24,"Trashi Yangste"
"BW",10,"Ngwaketsi"
"BW",9,"South-East"
"BW",8,"North-East"
"BW",11,"North-West"
"BW",6,"Kweneng"
"BW",5,"Kgatleng"
"BW",4,"Kgalagadi"
"BW",3,"Ghanzi"
"BW",12,"Chobe"
"BW",1,"Central"
"BW",13,"City of Francistown"
"BW",14,"Gaborone"
"BW",15,"Jwaneng"
"BW",16,"Lobatse"
"BW",17,"Selibe Phikwe"
"BW",18,"Sowa Town"
"BY",7,"Vitebsk"
"BY",6,"Mogilev"
"BY",5,"Minsk"
"BY",4,"Minsk City"
"BY",3,"Grodnenskaya"
"BY",2,"Gomel"
"BY",1,"Brest"
"BZ",6,"Toledo"
"BZ",5,"Stann Creek"
"BZ",4,"Orange Walk"
"BZ",3,"Corozal"
"BZ",2,"Cayo"
"BZ",1,"Belize"
"CA",1,"Alberta"
"CA",2,"British Columbia"
"CA",3,"Manitoba"
"CA",4,"New Brunswick"
"CA",13,"Northwest Territories"
"CA",7,"Nova Scotia"
"CA",14,"Nunavut"
"CA",8,"Ontario"
"CA",9,"Prince Edward Island"
"CA",10,"Quebec"
"CA",11,"Saskatchewan"
"CA",12,"Yukon"
"CA",5,"Newfoundland and Labrador"
"CD",31,"Tshuapa"
"CD",30,"Tshopo"
"CD",29,"Tanganika"
"CD",12,"South Kivu"
"CD",27,"Sankuru"
"CD",11,"Nord Kivu"
"CD",25,"Mongala"
"CD",10,"Maniema"
"CD",23,"Kasai-Central"
"CD",4,"Kasai-Oriental"
"CD",18,"Kasai"
"CD",17,"Ituri"
"CD",16,"Haut Uele"
"CD",15,"Haut-Lomani"
"CD",2,"Equateur"
"CD",13,"Bas Uele"
"CD",22,"Lualaba"
"CD",24,"Mai Ndombe"
"CD",20,"Kwilu"
"CD",19,"Kwango"
"CD",6,"Kinshasa"
"CD",8,"Bas-Congo"
"CD",14,"Haut-Katanga"
"CD",21,"Lomami"
"CD",26,"Nord-Ubangi"
"CD",28,"Sud-Ubangi"
"CF",14,"Vakaga"
"CF",11,"Ouaka"
"CF",8,"Mbomou"
"CF",5,"Haut-Mbomou"
"CF",3,"Haute-Kotto"
"CF",2,"Basse-Kotto"
"CF",1,"Bamingui-Bangoran"
"CF",16,"Sangha-Mbaere"
"CF",13,"Ouham-Pende"
"CF",12,"Ouham"
"CF",17,"Ombella-M'Poko"
"CF",9,"Nana-Mambere"
"CF",7,"Lobaye"
"CF",6,"Kemo"
"CF",4,"Mambere-Kadei"
"CF",15,"Nana-Grebizi"
"CF",18,"Bangui"
"CG",10,"Sangha"
"CG",11,"Pool"
"CG",8,"Plateaux"
"CG",7,"Niari"
"CG",6,"Likouala"
"CG",5,"Lekoumou"
"CG",4,"Kouilou"
"CG",13,"Cuvette"
"CG",1,"Bouenza"
"CG",12,"Brazzaville"
"CG",14,"Cuvette-Ouest"
"CG",7280295,"Pointe-Noire"
"CH","ZH","Zurich"
"CH","ZG","Zug"
"CH","VD","Vaud"
"CH","VS","Valais"
"CH","UR","Uri"
"CH","TI","Ticino"
"CH","TG","Thurgau"
"CH","SO","Solothurn"
"CH","SZ","Schwyz"
"CH","SH","Schaffhausen"
"CH","SG","Saint Gallen"
"CH","OW","Obwalden"
"CH","NW","Nidwalden"
"CH","NE","Neuchatel"
"CH","LU","Lucerne"
"CH","JU","Jura"
"CH","GR","Grisons"
"CH","GL","Glarus"
"CH","GE","Geneva"
"CH","FR","Fribourg"
"CH","BE","Bern"
"CH","BS","Basel-City"
"CH","BL","Basel-Landschaft"
"CH","AR","Appenzell Ausserrhoden"
"CH","AI","Appenzell Innerrhoden"
"CH","AG","Aargau"
"CI",98,"Yamoussoukro Autonomous District"
"CI",76,"Bas-Sassandra"
"CI",94,"Comoe"
"CI",77,"Denguele"
"CI",95,"Goh-Djiboua"
"CI",81,"Lacs"
"CI",82,"Lagunes"
"CI",78,"Montagnes"
"CI",96,"Sassandra-Marahoue"
"CI",87,"Savanes"
"CI",90,"Vallee du Bandama"
"CI",97,"Woroba"
"CI",92,"Zanzan"
"CI",93,"Abidjan"
"CK",11695124,"Aitutaki"
"CK",11695126,"Atiu"
"CK",11695127,"Mangaia"
"CK",11695384,"Manihiki"
"CK",11695385,"Ma'uke"
"CK",11695386,"Mitiaro"
"CK",11695387,"Palmerston"
"CK",11695388,"Penrhyn"
"CK",11695389,"Pukapuka"
"CK",11695390,"Rakahanga"
"CK",11695425,"Rarotonga"
"CL",1,"Valparaiso"
"CL",15,"Tarapaca"
"CL",12,"Santiago Metropolitan"
"CL",11,"Maule Region"
"CL",14,"Los Lagos Region"
"CL",8,"O'Higgins Region"
"CL",7,"Coquimbo Region"
"CL",6,"Biobio"
"CL",5,"Atacama"
"CL",4,"Araucania"
"CL",3,"Antofagasta"
"CL",2,"Aysen"
"CL",10,"Region of Magallanes"
"CL",16,"Arica y Parinacota"
"CL",17,"Los Rios Region"
"CM",9,"South-West"
"CM",14,"South"
"CM",8,"West"
"CM",7,"North-West"
"CM",13,"North"
"CM",5,"Littoral"
"CM",12,"Far North"
"CM",4,"East"
"CM",11,"Centre"
"CM",10,"Adamaoua"
"CN",14,"Tibet"
"CN",6,"Qinghai"
"CN",13,"Xinjiang"
"CN",2,"Zhejiang"
"CN",29,"Yunnan"
"CN",28,"Tianjin"
"CN",32,"Sichuan"
"CN",24,"Shanxi"
"CN",23,"Shanghai"
"CN",25,"Shandong"
"CN",26,"Shaanxi"
"CN",21,"Ningsia Hui Autonomous Region"
"CN",3,"Jiangxi"
"CN",4,"Jiangsu"
"CN",11,"Hunan"
"CN",12,"Hubei"
"CN",9,"Henan"
"CN",10,"Hebei"
"CN",31,"Hainan"
"CN",18,"Guizhou"
"CN",16,"Guangxi"
"CN",30,"Guangdong"
"CN",15,"Gansu"
"CN",7,"Fujian"
"CN",33,"Chongqing"
"CN",1,"Anhui"
"CN",20,"Inner Mongolia"
"CN",19,"Liaoning"
"CN",5,"Jilin"
"CN",8,"Heilongjiang"
"CN",22,"Beijing"
"CO",31,"Vichada"
"CO",30,"Vaupes"
"CO",29,"Valle del Cauca"
"CO",28,"Tolima"
"CO",27,"Sucre"
"CO",26,"Santander"
"CO",25,"San Andres y Providencia"
"CO",24,"Risaralda"
"CO",23,"Quindio"
"CO",22,"Putumayo"
"CO",21,"Norte de Santander"
"CO",20,"Narino"
"CO",19,"Meta"
"CO",38,"Magdalena"
"CO",17,"La Guajira"
"CO",16,"Huila"
"CO",14,"Guaviare"
"CO",15,"Guainia"
"CO",33,"Cundinamarca"
"CO",12,"Cordoba"
"CO",11,"Choco"
"CO",10,"Cesar"
"CO",9,"Cauca"
"CO",32,"Casanare"
"CO",8,"Caqueta"
"CO",37,"Caldas"
"CO",36,"Boyaca"
"CO",35,"Bolivar"
"CO",34,"Bogota D.C."
"CO",4,"Atlantico"
"CO",3,"Arauca"
"CO",2,"Antioquia"
"CO",1,"Amazonas"
"CR",8,"San Jose"
"CR",7,"Puntarenas"
"CR",6,"Limon"
"CR",4,"Heredia"
"CR",3,"Guanacaste"
"CR",2,"Cartago"
"CR",1,"Alajuela"
"CU",16,"Villa Clara"
"CU",15,"Santiago de Cuba"
"CU",14,"Sancti Spiritus"
"CU",1,"Pinar del Rio"
"CU",3,"Matanzas"
"CU",13,"Las Tunas"
"CU",4,"Isla de la Juventud"
"CU",12,"Holguin"
"CU",10,"Guantanamo"
"CU",9,"Granma"
"CU",2,"La Habana"
"CU",8,"Cienfuegos"
"CU",7,"Ciego de Avila"
"CU",5,"Camaguey"
"CU","AR","Artemisa"
"CU","MA","Mayabeque"
"CV",20,"Tarrafal"
"CV",11,"Sao Vicente"
"CV",15,"Santa Catarina"
"CV",8,"Sal"
"CV",7,"Ribeira Grande"
"CV",14,"Praia"
"CV",5,"Paul"
"CV",4,"Maio"
"CV",2,"Brava"
"CV",1,"Boa Vista"
"CV",13,"Mosteiros"
"CV",16,"Santa Cruz"
"CV",17,"Sao Domingos"
"CV",18,"Sao Filipe"
"CV",19,"Sao Miguel"
"CV",21,"Porto Novo"
"CV",22,"Ribeira Brava"
"CV",24,"Santa Catarina do Fogo"
"CV",26,"Sao Salvador do Mundo"
"CV",27,"Tarrafal de Sao Nicolau"
"CV",25,"Sao Lourenco dos Orgaos"
"CV",23,"Ribeira Grande de Santiago"
"CY",6,"Pafos"
"CY",4,"Nicosia"
"CY",5,"Limassol"
"CY",3,"Larnaka"
"CY",2,"Keryneia"
"CY",1,"Ammochostos"
"CZ",52,"Praha"
"CZ",78,"South Moravian"
"CZ",79,"Jihocesky"
"CZ",80,"Vysocina"
"CZ",81,"Karlovarsky"
"CZ",82,"Kralovehradecky"
"CZ",83,"Liberecky"
"CZ",84,"Olomoucky"
"CZ",85,"Moravskoslezsky"
"CZ",86,"Pardubicky"
"CZ",87,"Plzensky"
"CZ",88,"Central Bohemia"
"CZ",89,"Ustecky"
"CZ",90,"Zlin"
"DE",15,"Thuringia"
"DE",10,"Schleswig-Holstein"
"DE",14,"Saxony-Anhalt"
"DE",13,"Saxony"
"DE",9,"Saarland"
"DE",8,"Rheinland-Pfalz"
"DE",7,"North Rhine-Westphalia"
"DE",6,"Lower Saxony"
"DE",12,"Mecklenburg-Vorpommern"
"DE",5,"Hesse"
"DE",4,"Hamburg"
"DE",3,"Bremen"
"DE",11,"Brandenburg"
"DE",16,"Berlin"
"DE",2,"Bavaria"
"DE",1,"Baden-Wuerttemberg"
"DJ",5,"Tadjourah"
"DJ",4,"Obock"
"DJ",7,"Djibouti"
"DJ",6,"Dikhil"
"DJ",1,"Ali Sabieh"
"DJ",8,"Arta"
"DK",17,"Capital Region"
"DK",18,"Central Jutland"
"DK",19,"North Denmark"
"DK",20,"Zealand"
"DK",21,"South Denmark"
"DM",11,"Saint Peter"
"DM",10,"Saint Paul"
"DM",9,"Saint Patrick"
"DM",8,"Saint Mark"
"DM",7,"Saint Luke"
"DM",6,"Saint Joseph"
"DM",5,"Saint John"
"DM",4,"Saint George"
"DM",3,"Saint David"
"DM",2,"Saint Andrew"
"DO",27,"Valverde"
"DO",26,"Santiago Rodriguez"
"DO",25,"Santiago"
"DO",24,"San Pedro de Macoris"
"DO",23,"San Juan"
"DO",33,"San Cristobal"
"DO",21,"Sanchez Ramirez"
"DO",20,"Samana"
"DO",19,"Hermanas Mirabal"
"DO",18,"Puerto Plata"
"DO",35,"Peravia"
"DO",16,"Pedernales"
"DO",34,"Nacional"
"DO",32,"Monte Plata"
"DO",15,"Monte Cristi"
"DO",31,"Monsenor Nouel"
"DO",14,"Maria Trinidad Sanchez"
"DO",30,"La Vega"
"DO",12,"La Romana"
"DO",10,"La Altagracia"
"DO",9,"Independencia"
"DO",29,"Hato Mayor"
"DO",8,"Espaillat"
"DO",28,"El Seibo"
"DO",11,"Elias Pina"
"DO",6,"Duarte"
"DO",4,"Dajabon"
"DO",3,"Barahona"
"DO",2,"Baoruco"
"DO",1,"Azua"
"DO",36,"San Jose de Ocoa"
"DO",37,"Santo Domingo"
"DZ",15,"Tlemcen"
"DZ",14,"Tizi Ouzou"
"DZ",56,"Tissemsilt"
"DZ",55,"Tipaza"
"DZ",54,"Tindouf"
"DZ",13,"Tiaret"
"DZ",33,"Tebessa"
"DZ",53,"Tamanrasset"
"DZ",52,"Souk Ahras"
"DZ",31,"Skikda"
"DZ",30,"Sidi Bel Abbes"
"DZ",12,"Setif"
"DZ",10,"Saida"
"DZ",51,"Relizane"
"DZ",29,"Oum el Bouaghi"
"DZ",50,"Ouargla"
"DZ",9,"Oran"
"DZ",49,"Naama"
"DZ",27,"M'Sila"
"DZ",7,"Mostaganem"
"DZ",48,"Mila"
"DZ",6,"Medea"
"DZ",26,"Mascara"
"DZ",25,"Laghouat"
"DZ",47,"Khenchela"
"DZ",24,"Jijel"
"DZ",46,"Illizi"
"DZ",23,"Guelma"
"DZ",45,"Ghardaia"
"DZ",44,"El Tarf"
"DZ",43,"El Oued"
"DZ",42,"El Bayadh"
"DZ",22,"Djelfa"
"DZ",4,"Constantine"
"DZ",41,"Chlef"
"DZ",40,"Boumerdes"
"DZ",21,"Bouira"
"DZ",39,"Bordj Bou Arreridj"
"DZ",20,"Blida"
"DZ",19,"Biskra"
"DZ",18,"Bejaia"
"DZ",38,"Bechar"
"DZ",3,"Batna"
"DZ",37,"Annaba"
"DZ",1,"Algiers"
"DZ",36,"Ain Temouchent"
"DZ",35,"Ain Defla"
"DZ",34,"Adrar"
"EC",20,"Zamora-Chinchipe"
"EC",19,"Tungurahua"
"EC",18,"Pichincha"
"EC",17,"Pastaza"
"EC",23,"Napo"
"EC",15,"Morona-Santiago"
"EC",14,"Manabi"
"EC",13,"Los Rios"
"EC",12,"Loja"
"EC",11,"Imbabura"
"EC",10,"Guayas"
"EC",1,"Galapagos"
"EC",9,"Esmeraldas"
"EC",8,"El Oro"
"EC",7,"Cotopaxi"
"EC",6,"Chimborazo"
"EC",5,"Carchi"
"EC",4,"Canar"
"EC",3,"Bolivar"
"EC",2,"Azuay"
"EC",22,"Sucumbios"
"EC",24,"Orellana"
"EC",26,"Santo Domingo de los Tsachilas"
"EC",25,"Santa Elena"
"EE",21,"Vorumaa"
"EE",20,"Viljandimaa"
"EE",19,"Valgamaa"
"EE",18,"Tartu"
"EE",14,"Saare"
"EE",13,"Raplamaa"
"EE",12,"Polvamaa"
"EE",11,"Paernumaa"
"EE",8,"Laeaene-Virumaa"
"EE",7,"Laeaene"
"EE",5,"Jogevamaa"
"EE",4,"Jaervamaa"
"EE",3,"Ida-Virumaa"
"EE",2,"Hiiumaa"
"EE",1,"Harjumaa"
"EG",24,"Sohag"
"EG",27,"North Sinai"
"EG",23,"Qena"
"EG",22,"Matruh"
"EG",21,"Kafr el-Sheikh"
"EG",26,"South Sinai"
"EG",20,"Damietta"
"EG",19,"Port Said"
"EG",18,"Beni Suweif"
"EG",17,"Asyut"
"EG",16,"Aswan"
"EG",15,"Suez"
"EG",14,"Sharqia"
"EG",13,"New Valley"
"EG",12,"Qalyubia"
"EG",11,"Cairo"
"EG",10,"Minya"
"EG",9,"Monufia"
"EG",8,"Giza"
"EG",7,"Ismailia"
"EG",6,"Alexandria"
"EG",5,"Gharbia"
"EG",4,"Faiyum"
"EG",3,"Beheira"
"EG",2,"Red Sea"
"EG",1,"Dakahlia"
"EG",28,"Luxor"
"ER",1,"Anseba"
"ER",2,"Debub"
"ER",3,"Southern Red Sea"
"ER",4,"Gash-Barka"
"ER",5,"Maekel"
"ER",6,"Northern Red Sea"
"ES",31,"Murcia"
"ES","CE","Ceuta"
"ES",7,"Balearic Islands"
"ES",51,"Andalusia"
"ES",53,"Canary Islands"
"ES",54,"Castille-La Mancha"
"ES",57,"Extremadura"
"ES",60,"Valencia"
"ES",34,"Asturias"
"ES",32,"Navarre"
"ES",29,"Madrid"
"ES",27,"La Rioja"
"ES",39,"Cantabria"
"ES",52,"Aragon"
"ES",55,"Castille and Leon"
"ES",56,"Catalonia"
"ES",58,"Galicia"
"ES",59,"Basque Country"
"ES","ML","Melilla"
"ET",44,"Addis Ababa"
"ET",45,"Afar"
"ET",46,"Amhara"
"ET",47,"Binshangul Gumuz"
"ET",48,"Dire Dawa"
"ET",49,"Gambela"
"ET",50,"Harari"
"ET",51,"Oromiya"
"ET",52,"Somali"
"ET",53,"Tigray"
"ET",54,"SNNPR"
"FI",19,"Lapland"
"FI",18,"Kainuu"
"FI",17,"Northern Ostrobothnia"
"FI",16,"Central Ostrobothnia"
"FI",15,"Ostrobothnia"
"FI",14,"Southern Ostrobothnia"
"FI",13,"Central Finland"
"FI",12,"North Karelia"
"FI",11,"Northern Savo"
"FI",10,"Southern Savonia"
"FI",9,"South Karelia"
"FI",8,"Kymenlaakso"
"FI",6,"Pirkanmaa"
"FI",5,"Tavastia Proper"
"FI",2,"Finland Proper"
"FI",1,"Uusimaa"
"FI",7,"Paijanne Tavastia"
"FI",4,"Satakunta"
"FJ",5,"Western"
"FJ",3,"Northern"
"FJ",1,"Central"
"FJ",2,"Eastern"
"FJ",4,"Rotuma"
"FM",4,"Yap"
"FM",2,"Pohnpei"
"FM",1,"Kosrae"
"FM",3,"Chuuk"
"FO","VG","Vagar"
"FO","SU","Suduroy"
"FO","ST","Streymoy"
"FO","SA","Sandoy"
"FO","NO","Nordoyar"
"FO","OS","Eysturoy"
"FR",93,"Provence-Alpes-Cote d'Azur"
"FR",52,"Pays de la Loire"
"FR",11,"Ile-de-France"
"FR",94,"Corsica"
"FR",24,"Centre"
"FR",53,"Brittany"
"FR",27,"Bourgogne-Franche-Comte"
"FR",75,"Nouvelle-Aquitaine"
"FR",28,"Normandy"
"FR",44,"Grand Est"
"FR",76,"Occitanie"
"FR",32,"Hauts-de-France"
"FR",84,"Auvergne-Rhone-Alpes"
"GA",9,"Woleu-Ntem"
"GA",8,"Ogooue-Maritime"
"GA",7,"Ogooue-Lolo"
"GA",6,"Ogooue-Ivindo"
"GA",5,"Nyanga"
"GA",4,"Ngouni"
"GA",3,"Moyen-Ogooue"
"GA",2,"Haut-Ogooue"
"GA",1,"Estuaire"
"GB","WLS","Wales"
"GB","SCT","Scotland"
"GB","NIR","Northern Ireland"
"GB","ENG","England"
"GD",6,"Saint Patrick"
"GD",5,"Saint Mark"
"GD",4,"Saint John"
"GD",3,"Saint George"
"GD",2,"Saint David"
"GD",1,"Saint Andrew"
"GD",10,"Carriacou and Petite Martinique"
"GE",51,"T'bilisi"
"GE",4,"Ajaria"
"GE",68,"Kvemo Kartli"
"GE",67,"Kakheti"
"GE",65,"Guria"
"GE",66,"Imereti"
"GE",73,"Shida Kartli"
"GE",69,"Mtskheta-Mtianeti"
"GE",70,"Racha-Lechkhumi and Kvemo Svaneti"
"GE",71,"Samegrelo and Zemo Svaneti"
"GE",72,"Samtskhe-Javakheti"
"GE",2,"Abkhazia"
"GF","GF","Guyane"
"GG",6417213,"St Pierre du Bois"
"GG",6417214,"Torteval"
"GG",6417215,"Saint Saviour"
"GG",6417223,"Forest"
"GG",6417224,"St Martin"
"GG",6417226,"Saint Andrew"
"GG",6417228,"St Peter Port"
"GG",6417229,"Castel"
"GG",6417230,"Vale"
"GG",6417233,"St Sampson"
"GG",8989934,"Alderney"
"GH",9,"Western"
"GH",8,"Volta"
"GH",11,"Upper West"
"GH",10,"Upper East"
"GH",6,"Northern"
"GH",1,"Greater Accra"
"GH",5,"Eastern"
"GH",4,"Central"
"GH",3,"Brong-Ahafo"
"GH",2,"Ashanti"
"GL",4,"Kujalleq"
"GL",6,"Qeqqata"
"GL",7,"Sermersooq"
"GL",11839534,"Qeqertalik"
"GL",11839537,"Avannaata"
"GM",5,"Western"
"GM",4,"Upper River"
"GM",7,"North Bank"
"GM",3,"Central River"
"GM",2,"Lower River"
"GM",1,"Banjul"
"GN",4,"Conakry"
"GN","B","Boke"
"GN","F","Faranah"
"GN","K","Kankan"
"GN","D","Kindia"
"GN","L","Labe"
"GN","M","Mamou"
"GN","N","Nzerekore"
"GP","GP","Guadeloupe"
"GQ",3,"Annobon"
"GQ",4,"Bioko Norte"
"GQ",5,"Bioko Sur"
"GQ",6,"Centro Sur"
"GQ",7,"Kie-Ntem"
"GQ",8,"Litoral"
"GQ",9,"Wele-Nzas"
"GR",736572,"Mount Athos"
"GR","ESYE31","Attica"
"GR","ESYE24","Central Greece"
"GR","ESYE12","Central Macedonia"
"GR","ESYE43","Crete"
"GR","ESYE11","East Macedonia and Thrace"
"GR","ESYE21","Epirus"
"GR","ESYE22","Ionian Islands"
"GR","ESYE41","North Aegean"
"GR","ESYE25","Peloponnese"
"GR","ESYE42","South Aegean"
"GR","ESYE14","Thessaly"
"GR","ESYE23","West Greece"
"GR","ESYE13","West Macedonia"
"GT",22,"Zacapa"
"GT",21,"Totonicapan"
"GT",20,"Suchitepeque"
"GT",19,"Solola"
"GT",18,"Santa Rosa"
"GT",17,"San Marcos"
"GT",16,"Sacatepequez"
"GT",15,"Retalhuleu"
"GT",14,"Quiche"
"GT",13,"Quetzaltenango"
"GT",12,"Peten"
"GT",11,"Jutiapa"
"GT",10,"Jalapa"
"GT",9,"Izabal"
"GT",8,"Huehuetenango"
"GT",7,"Guatemala"
"GT",6,"Escuintla"
"GT",5,"El Progreso"
"GT",4,"Chiquimula"
"GT",3,"Chimaltenango"
"GT",2,"Baja Verapaz"
"GT",1,"Alta Verapaz"
"GU","PI","Piti"
"GU","SR","Santa Rita"
"GU","SJ","Sinajana"
"GU","TF","Talofofo"
"GU","TM","Tamuning"
"GU","UM","Umatac"
"GU","YG","Yigo"
"GU","YN","Yona"
"GU","ME","Merizo"
"GU","MA","Mangilao"
"GU","AH","Agana Heights"
"GU","CP","Chalan Pago-Ordot"
"GU","AS","Asan"
"GU","AT","Agat"
"GU","DD","Dededo"
"GU","BA","Barrigada"
"GU","AN","Hagatna"
"GU","IN","Inarajan"
"GU","MT","Mongmong-Toto-Maite"
"GW",7,"Tombali"
"GW",2,"Quinara"
"GW",4,"Oio"
"GW",10,"Gabu"
"GW",6,"Cacheu"
"GW",5,"Bolama and Bijagos"
"GW",11,"Bissau"
"GW",12,"Biombo"
"GW",1,"Bafata"
"GY",19,"Upper Takutu-Upper Essequibo"
"GY",18,"Upper Demerara-Berbice"
"GY",17,"Potaro-Siparuni"
"GY",16,"Pomeroon-Supenaam"
"GY",15,"Mahaica-Berbice"
"GY",14,"Essequibo Islands-West Demerara"
"GY",13,"East Berbice-Corentyne"
"GY",12,"Demerara-Mahaica"
"GY",11,"Cuyuni-Mazaruni"
"GY",10,"Barima-Waini"
"HK","NYL","Yuen Long"
"HK","NTW","Tsuen Wan"
"HK","NTP","Tai Po"
"HK","NSK","Sai Kung"
"HK","NIS","Islands"
"HK","HCW","Central and Western"
"HK","HWC","Wanchai"
"HK","HEA","Eastern"
"HK","HSO","Southern"
"HK","KYT","Yau Tsim Mong"
"HK","KSS","Sham Shui Po"
"HK","KKC","Kowloon City"
"HK","KWT","Wong Tai Sin"
"HK","KKT","Kwun Tong"
"HK","NKT","Kwai Tsing"
"HK","NTM","Tuen Mun"
"HK","NNO","North"
"HK","NST","Sha Tin"
"HN",18,"Yoro"
"HN",17,"Valle"
"HN",16,"Santa Barbara"
"HN",15,"Olancho"
"HN",14,"Ocotepeque"
"HN",13,"Lempira"
"HN",12,"La Paz"
"HN",11,"Bay Islands"
"HN",10,"Intibuca"
"HN",9,"Gracias a Dios"
"HN",8,"Francisco Morazan"
"HN",7,"El Paraiso"
"HN",6,"Cortes"
"HN",5,"Copan"
"HN",4,"Comayagua"
"HN",3,"Colon"
"HN",2,"Choluteca"
"HN",1,"Atlantida"
"HR",1,"Bjelovarsko-Bilogorska"
"HR",2,"Slavonski Brod-Posavina"
"HR",3,"Dubrovacko-Neretvanska"
"HR",4,"Istria"
"HR",5,"Karlovacka"
"HR",6,"Koprivnicko-Krizevacka"
"HR",7,"Krapinsko-Zagorska"
"HR",8,"Licko-Senjska"
"HR",9,"Medimurska"
"HR",10,"Osjecko-Baranjska"
"HR",11,"Pozesko-Slavonska"
"HR",12,"Primorsko-Goranska"
"HR",13,"Sibensko-Kniniska"
"HR",14,"Sisacko-Moslavacka"
"HR",15,"Split-Dalmatia"
"HR",16,"Varazdinska"
"HR",18,"Vukovar-Sirmium"
"HR",19,"Zadarska"
"HR",20,"Zagrebacka"
"HR",21,"City of Zagreb"
"HR",17,"Virovitick-Podravska"
"HT",13,"Sud-Est"
"HT",12,"Sud"
"HT",11,"Ouest"
"HT",3,"Nord-Ouest"
"HT",10,"Nord-Est"
"HT",9,"Nord"
"HT",14,"Grandans"
"HT",7,"Centre"
"HT",6,"Artibonite"
"HT",15,"Nippes"
"HU",18,"Szabolcs-Szatmar-Bereg"
"HU",20,"Jasz-Nagykun-Szolnok"
"HU",11,"Heves"
"HU",10,"Hajdu-Bihar"
"HU",6,"Csongrad"
"HU",4,"Borsod-Abauj-Zemplen"
"HU",3,"Bekes"
"HU",24,"Zala"
"HU",23,"Veszprem"
"HU",22,"Vas"
"HU",21,"Tolna"
"HU",17,"Somogy"
"HU",16,"Pest"
"HU",14,"Nograd"
"HU",12,"Komarom-Esztergom"
"HU",9,"Gyor-Moson-Sopron"
"HU",8,"Fejer"
"HU",5,"Budapest"
"HU",2,"Baranya"
"HU",1,"Bacs-Kiskun"
"ID",26,"North Sumatra"
"ID",1,"Aceh"
"ID",10,"Yogyakarta"
"ID",32,"South Sumatra"
"ID",24,"West Sumatra"
"ID",31,"North Sulawesi"
"ID",22,"Southeast Sulawesi"
"ID",21,"Central Sulawesi"
"ID",38,"South Sulawesi"
"ID",37,"Riau"
"ID",18,"East Nusa Tenggara"
"ID",17,"West Nusa Tenggara"
"ID",28,"Maluku"
"ID",15,"Lampung"
"ID",14,"East Kalimantan"
"ID",13,"Central Kalimantan"
"ID",12,"South Kalimantan"
"ID",11,"West Kalimantan"
"ID",8,"East Java"
"ID",7,"Central Java"
"ID",30,"West Java"
"ID",5,"Jambi"
"ID",4,"Jakarta"
"ID",36,"Papua"
"ID",3,"Bengkulu"
"ID",2,"Bali"
"ID",33,"Banten"
"ID",34,"Gorontalo"
"ID",35,"Bangka-Belitung Islands"
"ID",29,"North Maluku"
"ID",39,"West Papua"
"ID",41,"West Sulawesi"
"ID",40,"Riau Islands"
"ID",42,"North Kalimantan"
"IE","C","Connaught"
"IE","L","Leinster"
"IE","M","Munster"
"IE","U","Ulster"
"IL",6,"Jerusalem"
"IL",5,"Tel Aviv"
"IL",4,"Haifa"
"IL",3,"Northern District"
"IL",2,"Central District"
"IL",1,"Southern District"
"IL","WE","Judea and Samaria Area"
"IM",9782164,"Andreas"
"IM",9782165,"Arbory"
"IM",9782166,"Ballaugh"
"IM",9782167,"Braddan"
"IM",9782168,"Bride"
"IM",9782169,"Castletown"
"IM",9782170,"Douglas"
"IM",9782171,"German"
"IM",9782172,"Jurby"
"IM",9782173,"Laxey"
"IM",9782176,"Lezayre"
"IM",9782180,"Lonan"
"IM",9782182,"Malew"
"IM",9782183,"Marown"
"IM",9782184,"Maughold"
"IM",9782185,"Michael"
"IM",9782186,"Onchan"
"IM",9782187,"Patrick"
"IM",9782188,"Peel"
"IM",9782189,"Port Erin"
"IM",9782190,"Port St Mary"
"IM",9782191,"Ramsey"
"IM",9782192,"Rushen"
"IM",9782193,"Santon"
"IN",28,"West Bengal"
"IN",36,"Uttar Pradesh"
"IN",26,"Tripura"
"IN",40,"Telangana"
"IN",25,"Tamil Nadu"
"IN",29,"Sikkim"
"IN",24,"Rajasthan"
"IN",23,"Punjab"
"IN",22,"Puducherry"
"IN",21,"Odisha"
"IN",20,"Nagaland"
"IN",31,"Mizoram"
"IN",18,"Meghalaya"
"IN",17,"Manipur"
"IN",16,"Maharashtra"
"IN",35,"Madhya Pradesh"
"IN",14,"Laccadives"
"IN",13,"Kerala"
"IN",19,"Karnataka"
"IN",12,"Jammu and Kashmir"
"IN",11,"Himachal Pradesh"
"IN",10,"Haryana"
"IN",9,"Gujarat"
"IN",32,"Daman and Diu"
"IN",33,"Goa"
"IN",7,"NCT"
"IN",6,"Dadra and Nagar Haveli"
"IN",5,"Chandigarh"
"IN",34,"Bihar"
"IN",3,"Assam"
"IN",30,"Arunachal Pradesh"
"IN",2,"Andhra Pradesh"
"IN",1,"Andaman and Nicobar"
"IN",37,"Chhattisgarh"
"IN",38,"Jharkhand"
"IN",39,"Uttarakhand"
"IQ",2,"Basra"
"IQ",16,"Wasit"
"IQ",18,"Salah ad Din"
"IQ",15,"Nineveh"
"IQ",14,"Maysan"
"IQ",12,"Muhafazat Karbala'"
"IQ",11,"Arbil"
"IQ",10,"Diyala"
"IQ",9,"Dhi Qar"
"IQ",8,"Dahuk"
"IQ",7,"Baghdad"
"IQ",6,"Babil"
"IQ",13,"Kirkuk"
"IQ",5,"As Sulaymaniyah"
"IQ",17,"An Najaf"
"IQ",4,"Al Qadisiyah"
"IQ",3,"Al Muthanna"
"IQ",1,"Anbar"
"IR",26,"Tehran"
"IR",36,"Zanjan"
"IR",40,"Yazd"
"IR",25,"Semnan"
"IR",35,"Mazandaran"
"IR",34,"Markazi"
"IR",23,"Lorestan"
"IR",16,"Kordestan"
"IR",5,"Kohgiluyeh va Buyer Ahmad"
"IR",15,"Khuzestan"
"IR",13,"Kermanshah"
"IR",29,"Kerman"
"IR",10,"Ilam"
"IR",11,"Hormozgan"
"IR",9,"Hamadan"
"IR",8,"Gilan"
"IR",7,"Fars"
"IR",3,"Chaharmahal and Bakhtiari"
"IR",22,"Bushehr"
"IR",33,"East Azerbaijan"
"IR",1,"Azarbayjan-e Gharbi"
"IR",32,"Ardabil"
"IR",28,"Isfahan"
"IR",37,"Golestan"
"IR",38,"Qazvin"
"IR",39,"Qom"
"IR",4,"Sistan and Baluchestan"
"IR",41,"Khorasan-e Jonubi"
"IR",42,"Razavi Khorasan"
"IR",43,"Khorasan-e Shomali"
"IR",44,"Alborz"
"IS",41,"Northwest"
"IS",40,"Northeast"
"IS",38,"East"
"IS",42,"South"
"IS",39,"Capital Region"
"IS",43,"Southern Peninsula"
"IS",45,"West"
"IS",44,"Westfjords"
"IT",15,"Sicily"
"IT",14,"Sardinia"
"IT",3,"Calabria"
"IT",20,"Veneto"
"IT",19,"Aosta Valley"
"IT",18,"Umbria"
"IT",17,"Trentino-Alto Adige"
"IT",16,"Tuscany"
"IT",13,"Apulia"
"IT",12,"Piedmont"
"IT",11,"Molise"
"IT",10,"The Marches"
"IT",9,"Lombardy"
"IT",8,"Liguria"
"IT",7,"Latium"
"IT",6,"Friuli Venezia Giulia"
"IT",5,"Emilia-Romagna"
"IT",4,"Campania"
"IT",2,"Basilicate"
"IT",1,"Abruzzo"
"JE",3237072,"St Clement"
"JE",3237073,"St Saviour"
"JE",3237200,"St. Brelade"
"JE",3237203,"Grouville"
"JE",3237212,"St Mary"
"JE",3237214,"St Lawrence"
"JE",3237221,"St Peter"
"JE",3237229,"St Ouen"
"JE",3237497,"St John"
"JE",3237530,"Trinity"
"JE",3237716,"St Martin"
"JE",3237864,"St Helier"
"JM",16,"Westmoreland"
"JM",15,"Trelawny"
"JM",14,"St. Thomas"
"JM",13,"St. Mary"
"JM",12,"St. James"
"JM",11,"St. Elizabeth"
"JM",10,"Saint Catherine"
"JM",9,"St Ann"
"JM",8,"St. Andrew"
"JM",7,"Portland"
"JM",4,"Manchester"
"JM",17,"Kingston"
"JM",2,"Hanover"
"JM",1,"Clarendon"
"JO",19,"Ma'an"
"JO",18,"Irbid"
"JO",17,"Zarqa"
"JO",12,"Tafielah"
"JO",16,"Amman"
"JO",15,"Mafraq"
"JO",9,"Karak"
"JO",2,"Balqa"
"JO",20,"Ajlun"
"JO",22,"Jerash"
"JO",21,"Aqaba"
"JO",23,"Madaba"
"JP",46,"Yamanashi"
"JP",45,"Yamaguchi"
"JP",43,"Wakayama"
"JP",42,"Toyama"
"JP",41,"Tottori"
"JP",40,"Tokyo"
"JP",39,"Tokushima"
"JP",38,"Tochigi"
"JP",37,"Shizuoka"
"JP",36,"Shimane"
"JP",35,"Shiga"
"JP",34,"Saitama"
"JP",33,"Saga"
"JP",32,"Osaka"
"JP",47,"Okinawa"
"JP",31,"Okayama"
"JP",30,"Oita"
"JP",29,"Niigata"
"JP",28,"Nara"
"JP",27,"Nagasaki"
"JP",26,"Nagano"
"JP",25,"Miyazaki"
"JP",23,"Mie"
"JP",22,"Kyoto"
"JP",21,"Kumamoto"
"JP",20,"Kochi"
"JP",19,"Kanagawa"
"JP",18,"Kagoshima"
"JP",17,"Kagawa"
"JP",15,"Ishikawa"
"JP",13,"Hyogo"
"JP",11,"Hiroshima"
"JP",10,"Gunma"
"JP",9,"Gifu"
"JP",7,"Fukuoka"
"JP",6,"Fukui"
"JP",5,"Ehime"
"JP",1,"Aichi"
"JP",44,"Yamagata"
"JP",24,"Miyagi"
"JP",16,"Iwate"
"JP",14,"Ibaraki"
"JP",8,"Fukushima"
"JP",4,"Chiba"
"JP",2,"Akita"
"JP",12,"Hokkaido"
"JP",3,"Aomori"
"KE",55,"West Pokot"
"KE",54,"Wajir"
"KE",52,"Uasin Gishu"
"KE",51,"Turkana"
"KE",50,"Trans Nzoia"
"KE",49,"Tharaka District"
"KE",48,"Tana River"
"KE",46,"Siaya"
"KE",45,"Samburu"
"KE",5,"Nairobi Area"
"KE",38,"Murang'a District"
"KE",37,"Mombasa"
"KE",35,"Meru"
"KE",34,"Marsabit"
"KE",33,"Mandera"
"KE",29,"Laikipia"
"KE",28,"Kwale"
"KE",27,"Kitui"
"KE",26,"Kisumu"
"KE",25,"Kisii"
"KE",24,"Kirinyaga"
"KE",23,"Kilifi"
"KE",22,"Kiambu"
"KE",21,"Kericho"
"KE",20,"Kakamega"
"KE",18,"Isiolo"
"KE",16,"Garissa"
"KE",15,"Embu"
"KE",13,"Busia"
"KE",12,"Bungoma"
"KE",10,"Baringo"
"KE",43,"Nyandarua"
"KE",53,"Vihiga"
"KE",30,"Lamu"
"KE",31,"Machakos"
"KE",32,"Makueni"
"KE",14,"Marakwet District"
"KE",47,"Taita Taveta"
"KE",19,"Kajiado"
"KE",44,"Nyeri"
"KE",17,"Homa Bay"
"KE",11,"Bomet"
"KE",36,"Migori"
"KE",39,"Nakuru"
"KE",41,"Narok"
"KE",42,"Nyamira District"
"KE",40,"Nandi"
"KG",8,"Osh"
"KG",9,"Batken"
"KG",6,"Talas"
"KG",4,"Naryn"
"KG",7,"Issyk-Kul"
"KG",1,"Bishkek"
"KG",3,"Jalal-Abad"
"KG",2,"Chuy"
"KG",10,"Osh City"
"KH",12,"Pursat"
"KH",29,"Battambang"
"KH",19,"Takeo"
"KH",18,"Svay Rieng"
"KH",17,"Stung Treng"
"KH",27,"Otar Meanchey"
"KH",24,"Siem Reap"
"KH",23,"Ratanakiri"
"KH",14,"Prey Veng"
"KH",13,"Preah Vihear"
"KH",22,"Phnom Penh"
"KH",30,"Pailin"
"KH",10,"Mondolkiri"
"KH",9,"Kratie"
"KH",26,"Kep"
"KH",8,"Koh Kong"
"KH",7,"Kandal"
"KH",21,"Kampot"
"KH",5,"Kampong Thom"
"KH",4,"Kampong Speu"
"KH",3,"Kampong Chhnang"
"KH",2,"Kampong Cham"
"KH",28,"Preah Sihanouk"
"KH",25,"Banteay Meanchey"
"KH",31,"Tboung Khmum"
"KI",1,"Gilbert Islands"
"KI",2,"Line Islands"
"KI",3,"Phoenix Islands"
"KM",3,"Moheli"
"KM",2,"Grande Comore"
"KM",1,"Anjouan"
"KN",15,"Trinity Palmetto Point"
"KN",13,"Middle Island"
"KN",12,"Saint Thomas Lowland"
"KN",11,"Saint Peter Basseterre"
"KN",10,"Saint Paul Charlestown"
"KN",9,"Saint Paul Capesterre"
"KN",8,"Saint Mary Cayon"
"KN",7,"Saint John Figtree"
"KN",6,"Saint John Capesterre"
"KN",5,"Saint James Windwa"
"KN",4,"Saint George Gingerland"
"KN",3,"Saint George Basseterre"
"KN",2,"Saint Anne Sandy Point"
"KN",1,"Christ Church Nichola Town"
"KP",12,"Pyongyang"
"KP",15,"South Pyongan"
"KP",11,"P'yongan-bukto"
"KP",9,"Kangwon-do"
"KP",6,"Hwanghae-namdo"
"KP",7,"Hwanghae-bukto"
"KP",3,"Hamgyong-namdo"
"KP",13,"Yanggang-do"
"KP",17,"Hamgyong-bukto"
"KP",1,"Chagang-do"
"KP",18,"Rason"
"KR",21,"Ulsan"
"KR",19,"Daejeon"
"KR",15,"Daegu"
"KR",11,"Seoul"
"KR",10,"Busan"
"KR",14,"Gyeongsangbuk-do"
"KR",13,"Gyeonggi-do"
"KR",18,"Gwangju"
"KR",6,"Gangwon-do"
"KR",12,"Incheon"
"KR",17,"Chungcheongnam-do"
"KR",5,"North Chungcheong"
"KR",16,"Jeollanam-do"
"KR",3,"Jeollabuk-do"
"KR",1,"Jeju-do"
"KR",20,"Gyeongsangnam-do"
"KR",22,"Sejong-si"
"KW",8,"Hawalli"
"KW",2,"Al Asimah"
"KW",5,"Muhafazat al Jahra'"
"KW",7,"Al Farwaniyah"
"KW",4,"Al Ahmadi"
"KW",9,"Mubarak al Kabir"
"KY",10346796,"George Town"
"KY",10375968,"West Bay"
"KY",10375969,"Bodden Town"
"KY",10375970,"North Side"
"KY",10375971,"East End"
"KY",10375972,"Sister Island"
"KZ",7,"Batys Qazaqstan"
"KZ",9,"Mangghystau"
"KZ",6,"Atyrau"
"KZ",4,"Aqtoebe"
"KZ",15,"East Kazakhstan"
"KZ",3,"Aqmola"
"KZ",16,"Soltustik Qazaqstan"
"KZ",11,"Pavlodar"
"KZ",14,"Qyzylorda"
"KZ",13,"Qostanay"
"KZ",12,"Karaganda"
"KZ",17,"Zhambyl"
"KZ",10,"Ongtustik Qazaqstan"
"KZ",2,"Almaty Qalasy"
"KZ",1,"Almaty Oblysy"
"KZ",8,"Baikonur"
"KZ",5,"Astana Qalasy"
"LA",14,"Xiangkhoang"
"LA",13,"Xiagnabouli"
"LA",27,"Vientiane"
"LA",20,"Savannahkhet"
"LA",19,"Salavan"
"LA",18,"Phongsali"
"LA",7,"Oudomxai"
"LA",17,"Louangphabang"
"LA",16,"Loungnamtha"
"LA",15,"Khammouan"
"LA",3,"Houaphan"
"LA",2,"Champasak"
"LA",1,"Attapu"
"LA",26,"Xekong"
"LA",22,"Bokeo"
"LA",23,"Bolikhamsai"
"LA",24,"Vientiane Prefecture"
"LA",28,"Xaisomboun"
"LB",5,"Mont-Liban"
"LB",4,"Beyrouth"
"LB",9,"Liban-Nord"
"LB",6,"South Governorate"
"LB",8,"Beqaa"
"LB",7,"Nabatiye"
"LB",10,"Aakkar"
"LB",11,"Baalbek-Hermel"
"LC",10,"Vieux-Fort"
"LC",9,"Soufriere"
"LC",8,"Micoud"
"LC",7,"Laborie"
"LC",6,"Gros-Islet"
"LC",5,"Dennery"
"LC",4,"Choiseul"
"LC",3,"Castries"
"LC",1,"Anse-la-Raye"
"LC",12,"Canaries"
"LI",11,"Vaduz"
"LI",10,"Triesenberg"
"LI",9,"Triesen"
"LI",8,"Schellenberg"
"LI",7,"Schaan"
"LI",6,"Ruggell"
"LI",5,"Planken"
"LI",4,"Mauren"
"LI",3,"Gamprin"
"LI",2,"Eschen"
"LI",1,"Balzers"
"LK",36,"Western"
"LK",35,"Uva"
"LK",34,"Southern"
"LK",33,"Sabaragamuwa"
"LK",32,"North Western"
"LK",30,"North Central"
"LK",29,"Central"
"LK",38,"Northern Province"
"LK",37,"Eastern Province"
"LR",10,"Sinoe"
"LR",9,"Nimba"
"LR",14,"Montserrado"
"LR",13,"Maryland"
"LR",20,"Lofa"
"LR",19,"Grand Gedeh"
"LR",12,"Grand Cape Mount"
"LR",11,"Grand Bassa"
"LR",1,"Bong"
"LR",15,"Bomi"
"LR",16,"Grand Kru"
"LR",17,"Margibi"
"LR",18,"River Cess"
"LR",21,"Gbarpolu"
"LR",22,"River Gee"
"LS",19,"Thaba-Tseka"
"LS",18,"Quthing"
"LS",17,"Qacha's Nek"
"LS",16,"Mokhotlong"
"LS",15,"Mohale's Hoek District"
"LS",14,"Maseru"
"LS",13,"Mafeteng"
"LS",12,"Leribe"
"LS",11,"Butha-Buthe"
"LS",10,"Berea"
"LT",56,"Alytus"
"LT",57,"Kaunas"
"LT",58,"Klaipeda County"
"LT",59,"Marijampole County"
"LT",60,"Panevezys"
"LT",61,"Siauliai"
"LT",62,"Taurage County"
"LT",63,"Telsiai"
"LT",64,"Utena"
"LT",65,"Vilnius"
"LU","WI","Wiltz"
"LU","VD","Vianden"
"LU","RM","Remich"
"LU","RD","Redange"
"LU","ME","Mersch"
"LU","LU","Luxembourg"
"LU","GR","Grevenmacher"
"LU","ES","Esch-sur-Alzette"
"LU","EC","Echternach"
"LU","DI","Diekirch"
"LU","CL","Clervaux"
"LU","CA","Capellen"
"LV",33,"Ventspils Rajons"
"LV",32,"Ventspils"
"LV",31,"Valmiera"
"LV",30,"Valka"
"LV",29,"Tukuma novads"
"LV",28,"Talsi Municipality"
"LV",27,"Saldus Rajons"
"LV",25,"Riga"
"LV",24,"Rezeknes Novads"
"LV",23,"Rezekne"
"LV",22,"Preilu novads"
"LV",21,"Ogre"
"LV",20,"Madona Municipality"
"LV",19,"Ludzas novads"
"LV",18,"Limbazu novads"
"LV",16,"Liepaja"
"LV",15,"Kuldigas novads"
"LV",14,"Kraslavas novads"
"LV",13,"Jurmala"
"LV",12,"Jelgavas novads"
"LV",11,"Jelgava"
"LV",10,"Jekabpils Municipality"
"LV",9,"Gulbenes novads"
"LV",8,"Dobeles novads"
"LV",7,"Daugavpils municipality"
"LV",6,"Daugavpils"
"LV",5,"Cesu Rajons"
"LV",4,"Bauskas Rajons"
"LV",3,"Balvu Novads"
"LV",2,"Aluksnes Novads"
"LV",1,"Aizkraukles novads"
"LV",60,"Dundaga"
"LV",40,"Alsunga"
"LV","A5","Pavilostas"
"LV",99,"Nica"
"LV","B6","Rucavas"
"LV",65,"Grobina"
"LV",61,"Durbe"
"LV",37,"Aizpute"
"LV","A8","Priekule"
"LV","D7","Vainode"
"LV","C9","Skrunda"
"LV",51,"Broceni"
"LV","B4","Rojas"
"LV",77,"Kandava"
"LV",44,"Auces"
"LV",73,"Jaunpils"
"LV",62,"Engure"
"LV","D5","Tervete"
"LV","A3","Ozolnieku"
"LV","B9","Rundales"
"LV",45,"Babite"
"LV",95,"Marupe"
"LV","A2","Olaine"
"LV",67,"Lecava"
"LV",80,"Kekava"
"LV","C3","Salaspils"
"LV",46,"Baldone"
"LV","D2","Stopini"
"LV",53,"Carnikava"
"LV",34,"Adazi"
"LV",64,"Garkalne"
"LV","E4","Vecumnieki"
"LV",79,"Kegums"
"LV",87,"Lielvarde"
"LV","C8","Skriveri"
"LV",71,"Jaunjelgava"
"LV",98,"Nereta"
"LV","E6","Viesite"
"LV","C2","Salas"
"LV",74,"Jekabpils"
"LV",38,"Akniste"
"LV",69,"Ilukste"
"LV","E2","Varkava"
"LV",90,"Livani"
"LV","E1","Varaklani"
"LV","E8","Vilanu"
"LV","B3","Riebinu"
"LV",35,"Aglona"
"LV",56,"Cibla"
"LV","E9","Zilupes"
"LV","E7","Vilaka"
"LV",47,"Baltinava"
"LV",57,"Dagda"
"LV",78,"Karsava"
"LV","B7","Rugaju"
"LV",55,"Cesvaine"
"LV",91,"Lubana"
"LV",85,"Krustpils"
"LV","A6","Plavinu"
"LV",82,"Koknese"
"LV",68,"Ikskile"
"LV","B5","Ropazu"
"LV",70,"Incukalns"
"LV",84,"Krimulda"
"LV","C7","Sigulda"
"LV",88,"Ligatne"
"LV",94,"Malpils"
"LV","C6","Seja"
"LV","C5","Saulkrastu"
"LV","C1","Salacgrivas"
"LV",39,"Aloja"
"LV",97,"Naukseni"
"LV","B8","Rujienas"
"LV",96,"Mazsalaca"
"LV",52,"Burtnieki"
"LV","A4","Pargaujas"
"LV",81,"Koceni"
"LV",42,"Amatas"
"LV","A9","Priekuli"
"LV","B1","Raunas"
"LV","D3","Strenci"
"LV",50,"Beverina"
"LV","D1","Smiltene"
"LV",72,"Jaunpiebalga"
"LV",63,"Ergli"
"LV","E3","Vecpiebalga"
"LV",43,"Apes"
"LV","F1","Mesraga"
"LY",70,"Darnah"
"LY",69,"Banghazi"
"LY",66,"Al Marj"
"LY",65,"Al Kufrah"
"LY",63,"Al Jabal al Akhdar"
"LY",77,"Tripoli"
"LY",76,"Surt"
"LY",75,"Sabha"
"LY",74,"Sha`biyat Nalut"
"LY",73,"Murzuq"
"LY",72,"Misratah"
"LY",71,"Sha'biyat Ghat"
"LY",68,"Az Zawiyah"
"LY",78,"Sha'biyat Wadi ash Shati'"
"LY",64,"Al Jufrah"
"LY",67,"An Nuqat al Khams"
"LY",79,"Sha`biyat al Butnan"
"LY",80,"Jabal al Gharbi"
"LY",81,"Sha`biyat al Jafarah"
"LY",82,"Al Marqab"
"LY",83,"Sha`biyat al Wahat"
"LY",84,"Sha`biyat Wadi al Hayat"
"MA",1,"Tanger-Tetouan-Al Hoceima"
"MA",2,"Oriental"
"MA",3,"Fes-Meknes"
"MA",4,"Rabat-Sale-Kenitra"
"MA",5,"Beni Mellal-Khenifra"
"MA",6,"Casablanca-Settat"
"MA",7,"Marrakesh-Safi"
"MA",8,"Draa-Tafilalet"
"MA",9,"Souss-Massa"
"MA",10,"Guelmim-Oued Noun"
"MA",11,"Laayoune-Sakia El Hamra"
"MA",12,"Dakhla-Oued Ed-Dahab"
"MC",0,"Commune de Monaco"
"MD",73,"Raionul Edinet"
"MD",92,"Ungheni"
"MD",91,"Telenesti"
"MD",90,"Taraclia"
"MD",88,"Stefan-Voda"
"MD",89,"Straseni"
"MD",87,"Raionul Soroca"
"MD",84,"Riscani"
"MD",83,"Rezina"
"MD",82,"Orhei"
"MD",81,"Raionul Ocnita"
"MD",59,"Anenii Noi"
"MD",80,"Nisporeni"
"MD",79,"Leova"
"MD",85,"Singerei"
"MD",69,"Criuleni"
"MD",78,"Ialoveni"
"MD",57,"Chisinau Municipality"
"MD",67,"Causeni"
"MD",65,"Cantemir"
"MD",66,"Calarasi"
"MD",64,"Cahul"
"MD",76,"Glodeni"
"MD",75,"Floresti"
"MD",74,"Falesti"
"MD",72,"Dubasari"
"MD",71,"Drochia"
"MD",70,"Donduseni"
"MD",68,"Cimislia"
"MD",63,"Briceni"
"MD",61,"Basarabeasca"
"MD",77,"Hincesti"
"MD",86,"Soldanesti"
"MD",58,"Stinga Nistrului"
"MD",51,"Gagauzia"
"MD",62,"Bender Municipality"
"MD",60,"Balti"
"ME",17,"Opstina Rozaje"
"ME",21,"Opstina Zabljak"
"ME",20,"Ulcinj"
"ME",19,"Tivat"
"ME",16,"Podgorica"
"ME",18,"Opstina Savnik"
"ME",15,"Opstina Pluzine"
"ME",14,"Pljevlja"
"ME",13,"Opstina Plav"
"ME",12,"Opstina Niksic"
"ME",11,"Mojkovac"
"ME",10,"Kotor"
"ME",9,"Opstina Kolasin"
"ME",3,"Berane"
"ME",8,"Herceg Novi"
"ME",7,"Danilovgrad"
"ME",6,"Cetinje"
"ME",5,"Budva"
"ME",4,"Bijelo Polje"
"ME",2,"Bar"
"ME",1,"Andrijevica"
"ME",22,"Gusinje"
"ME",23,"Petnjica"
"MG",7670842,"Diana"
"MG",7670846,"Sava"
"MG",7670847,"Sofia"
"MG",7670848,"Analanjirofo"
"MG",7670849,"Boeny"
"MG",7670850,"Betsiboka"
"MG",7670851,"Alaotra Mangoro"
"MG",7670852,"Melaky"
"MG",7670853,"Bongolava"
"MG",7670854,"Vakinankaratra"
"MG",7670855,"Itasy"
"MG",7670856,"Analamanga"
"MG",7670857,"Atsinanana"
"MG",7670902,"Menabe"
"MG",7670904,"Amoron'i Mania"
"MG",7670905,"Upper Matsiatra"
"MG",7670906,"Vatovavy Fitovinany"
"MG",7670907,"Ihorombe"
"MG",7670908,"Atsimo-Atsinanana"
"MG",7670910,"Anosy"
"MG",7670911,"Androy"
"MG",7670913,"Atsimo-Andrefana"
"MH",7,"Ailinginae Atoll"
"MH",10,"Ailinglaplap Atoll"
"MH",30,"Ailuk Atoll"
"MH",40,"Arno Atoll"
"MH",50,"Aur Atoll"
"MH",60,"Bikar Atoll"
"MH",70,"Bikini Atoll"
"MH",80,"Ebon Atoll"
"MH",90,"Enewetak Atoll"
"MH",100,"Erikub Atoll"
"MH",120,"Jaluit Atoll"
"MH",150,"Kwajalein Atoll"
"MH",160,"Lae Atoll"
"MH",180,"Likiep Atoll"
"MH",190,"Majuro Atoll"
"MH",300,"Maloelap Atoll"
"MH",320,"Mili Atoll"
"MH",330,"Namdrik Atoll"
"MH",340,"Namu Atoll"
"MH",350,"Rongelap Atoll"
"MH",360,"Rongrik Atoll"
"MH",385,"Taka Atoll"
"MH",73,"Bokak Atoll"
"MH",390,"Ujae Atoll"
"MH",400,"Ujelang"
"MH",410,"Utrik Atoll"
"MH",420,"Wotho Atoll"
"MH",430,"Wotje Atoll"
"MH",110,"Jabat Island"
"MH",130,"Jemo Island"
"MH",140,"Kili Island"
"MH",170,"Lib Island"
"MH",310,"Mejit Island"
"MK","E9","Valandovo"
"MK",86,"Resen"
"MK",51,"Kratovo"
"MK",78,"Pehcevo"
"MK",72,"Novo Selo"
"MK",11,"Bosilovo"
"MK","A9","Vasilevo"
"MK","E5","Dojran"
"MK",8,"Bogdanci"
"MK",47,"Konce"
"MK",62,"Makedonska Kamenica"
"MK","C6","Zrnovci"
"MK",40,"Karbinci"
"MK",25,"Demir Kapija"
"MK",87,"Rosoman"
"MK",35,"Gradsko"
"MK",60,"Lozovo"
"MK",19,"Cesinovo-Oblesevo"
"MK","E1","Novaci"
"MK",4,"Berovo"
"MK",6,"Bitola"
"MK","D9","Mogila"
"MK",1,"Aracinovo"
"MK","C7","Bogovinje"
"MK",12,"Brvenica"
"MK","C8","Cair"
"MK","C9","Caska Municipality"
"MK","D1","Centar"
"MK",18,"Centar Zupa"
"MK",20,"Cucer-Sandevo"
"MK","D2","Debar"
"MK",22,"Delcevo"
"MK","D3","Demir Hisar"
"MK",28,"Dolneni"
"MK",29,"Opstina Gjorce Petrov"
"MK",30,"Drugovo"
"MK",32,"Gazi Baba"
"MK",33,"Gevgelija"
"MK","D4","Gostivar"
"MK",36,"Ilinden"
"MK","D5","Jegunovce"
"MK",41,"Karpos"
"MK","D6","Kavadarci"
"MK",43,"Kicevo"
"MK",44,"Kisela Voda"
"MK",46,"Kocani"
"MK",52,"Kriva Palanka"
"MK",53,"Krivogastani"
"MK",54,"Krusevo"
"MK","D7","Kumanovo"
"MK",59,"Opstina Lipkovo"
"MK","D8","Makedonski Brod"
"MK",69,"Negotino"
"MK","E2","Ohrid"
"MK",77,"Oslomej"
"MK",79,"Petrovec"
"MK",80,"Plasnica"
"MK","E3","Prilep"
"MK",83,"Probistip"
"MK",84,"Radovis"
"MK",85,"Opstina Rankovce"
"MK","E4","Mavrovo and Rostusa"
"MK",90,"Saraj"
"MK",92,"Sopiste"
"MK",97,"Staro Nagoricane"
"MK",98,"Stip"
"MK","E6","Struga"
"MK","E7","Strumica"
"MK","A2","Studenicani"
"MK","A3","Suto Orizari"
"MK","A4","Sveti Nikole"
"MK","A5","Tearce"
"MK","E8","Tetovo"
"MK","F1","Veles"
"MK","B3","Vevcani"
"MK","B4","Vinica"
"MK","B6","Vranestica"
"MK","B7","Vrapciste"
"MK","C1","Zajas"
"MK","C2","Zelenikovo"
"MK","C3","Zelino"
"MK","F3","Aerodrom"
"MK","F4","Butel"
"MK","F5","Debarca"
"MK","F6","Grad Skopje"
"ML",8,"Tombouctou"
"ML",6,"Sikasso"
"ML",5,"Segou"
"ML",4,"Mopti"
"ML",7,"Koulikoro"
"ML",3,"Kayes"
"ML",9,"Gao"
"ML",1,"Bamako"
"ML",10,"Kidal"
"MM",12,"Tanintharyi"
"MM",11,"Shan"
"MM",10,"Sagain"
"MM",17,"Yangon"
"MM",1,"Rakhine"
"MM",16,"Bago"
"MM",13,"Mon"
"MM",8,"Mandalay"
"MM",15,"Magway"
"MM",6,"Kayah"
"MM",5,"Kayin"
"MM",4,"Kachin"
"MM",3,"Ayeyarwady"
"MM",2,"Chin"
"MM",18,"Nay Pyi Taw"
"MN",19,"Uvs"
"MN",12,"Hovd"
"MN",10,"Govi-Altay"
"MN",9,"Dzabkhan"
"MN",3,"Bayan-Olgiy"
"MN",2,"Bayanhongor"
"MN",20,"Ulaanbaatar"
"MN",18,"Central Aimak"
"MN",17,"Suhbaatar"
"MN",16,"Selenge"
"MN",15,"OEvoerhangay"
"MN",14,"OEmnoegovi"
"MN",13,"Hovsgol"
"MN",11,"Hentiy"
"MN",8,"Middle Govi"
"MN",7,"East Gobi Aymag"
"MN",6,"East Aimak"
"MN",21,"Bulgan"
"MN",1,"Arhangay"
"MN",23,"Darhan Uul"
"MN",24,"Govi-Sumber"
"MN",25,"Orhon"
"MP",100,"Rota"
"MP",110,"Saipan"
"MP",120,"Tinian"
"MP",85,"Northern Islands"
"MQ","MQ","Martinique"
"MR",6,"Trarza"
"MR",11,"Tiris Zemmour"
"MR",9,"Tagant"
"MR",12,"Inchiri"
"MR",2,"Hodh El Gharbi"
"MR",1,"Hodh ech Chargui"
"MR",10,"Guidimaka"
"MR",4,"Gorgol"
"MR",8,"Dakhlet Nouadhibou"
"MR",5,"Brakna"
"MR",3,"Assaba"
"MR",7,"Adrar"
"MR",13,"Nouakchott Ouest"
"MR",14,"Nouakchott Nord"
"MR",15,"Nouakchott Sud"
"MS",3,"Saint Peter"
"MS",2,"Saint Georges"
"MS",1,"Saint Anthony"
"MT",1,"Attard"
"MT",2,"Balzan"
"MT",3,"Il-Birgu"
"MT",4,"Birkirkara"
"MT",5,"Birzebbuga"
"MT",6,"Bormla"
"MT",7,"Dingli"
"MT",8,"Il-Fgura"
"MT",9,"Il-Furjana"
"MT",10,"Il-Fontana"
"MT",11,"Ghajnsielem"
"MT",12,"L-Gharb"
"MT",13,"Hal Gharghur"
"MT",14,"L-Ghasri"
"MT",15,"Hal Ghaxaq"
"MT",16,"Il-Gudja"
"MT",17,"Il-Gzira"
"MT",18,"Il-Hamrun"
"MT",19,"L-Iklin"
"MT",20,"L-Imdina"
"MT",21,"L-Imgarr"
"MT",22,"L-Imqabba"
"MT",23,"L-Imsida"
"MT",24,"L-Imtarfa"
"MT",25,"L-Isla"
"MT",26,"Il-Kalkara"
"MT",27,"Ta' Kercem"
"MT",28,"Kirkop"
"MT",29,"Lija"
"MT",30,"Luqa"
"MT",31,"Il-Marsa"
"MT",32,"Marsaskala"
"MT",33,"Marsaxlokk"
"MT",34,"Il-Mellieha"
"MT",35,"Il-Mosta"
"MT",36,"Il-Munxar"
"MT",37,"In-Nadur"
"MT",38,"In-Naxxar"
"MT",39,"Paola"
"MT",40,"Pembroke"
"MT",41,"Tal-Pieta"
"MT",42,"Il-Qala"
"MT",43,"Qormi"
"MT",44,"Il-Qrendi"
"MT",45,"Ir-Rabat"
"MT",46,"Victoria"
"MT",47,"Safi"
"MT",48,"Saint John"
"MT",49,"Saint Julian"
"MT",50,"Saint Lawrence"
"MT",51,"Saint Lucia"
"MT",52,"Saint Paul's Bay"
"MT",53,"Saint Venera"
"MT",54,"Sannat"
"MT",55,"Is-Siggiewi"
"MT",56,"Tas-Sliema"
"MT",57,"Is-Swieqi"
"MT",58,"Tarxien"
"MT",59,"Ta' Xbiex"
"MT",61,"Ix-Xaghra"
"MT",62,"Ix-Xewkija"
"MT",63,"Ix-Xghajra"
"MT",64,"Haz-Zabbar"
"MT",65,"Haz-Zebbug"
"MT",66,"Iz-Zebbug"
"MT",67,"Iz-Zejtun"
"MT",68,"Iz-Zurrieq"
"MT",60,"Il-Belt Valletta"
"MU",21,"Agalega Islands"
"MU",20,"Savanne"
"MU",19,"Riviere du Rempart"
"MU",18,"Port Louis"
"MU",17,"Plaines Wilhems"
"MU",16,"Pamplemousses"
"MU",15,"Moka"
"MU",14,"Grand Port"
"MU",13,"Flacq"
"MU",12,"Black River"
"MU",22,"Cargados Carajos"
"MU",23,"Rodrigues"
"MV",47,"Vaavu Atholhu"
"MV",46,"Thaa Atholhu"
"MV",45,"Shaviyani Atholhu"
"MV",1,"Seenu"
"MV",44,"Raa Atoll"
"MV",43,"Noonu Atoll"
"MV",42,"Gnyaviyani Atoll"
"MV",41,"Meemu Atholhu"
"MV",39,"Lhaviyani Atholhu"
"MV",5,"Laamu"
"MV",38,"Kaafu Atoll"
"MV",37,"Haa Dhaalu Atholhu"
"MV",36,"Haa Alifu Atholhu"
"MV",35,"Gaafu Dhaalu Atholhu"
"MV",34,"Gaafu Alifu Atholhu"
"MV",33,"Faafu Atholhu"
"MV",32,"Dhaalu Atholhu"
"MV",31,"Baa Atholhu"
"MV",30,"Northern Ari Atoll"
"MV",10346475,"Southern Ari Atoll"
"MW","S","Southern Region"
"MW","N","Northern Region"
"MW","C","Central Region"
"MX",31,"Yucatan"
"MX",30,"Veracruz"
"MX",29,"Tlaxcala"
"MX",28,"Tamaulipas"
"MX",27,"Tabasco"
"MX",23,"Quintana Roo"
"MX",22,"Queretaro"
"MX",21,"Puebla"
"MX",20,"Oaxaca"
"MX",19,"Nuevo Leon"
"MX",17,"Morelos"
"MX",15,"Mexico"
"MX",13,"Hidalgo"
"MX",12,"Guerrero"
"MX",9,"Mexico City"
"MX",5,"Chiapas"
"MX",4,"Campeche"
"MX",32,"Zacatecas"
"MX",26,"Sonora"
"MX",25,"Sinaloa"
"MX",24,"San Luis Potosi"
"MX",18,"Nayarit"
"MX",16,"Michoacan"
"MX",14,"Jalisco"
"MX",11,"Guanajuato"
"MX",10,"Durango"
"MX",8,"Colima"
"MX",7,"Coahuila"
"MX",6,"Chihuahua"
"MX",3,"Baja California Sur"
"MX",2,"Baja California"
"MX",1,"Aguascalientes"
"MY",4,"Melaka"
"MY",13,"Terengganu"
"MY",12,"Selangor"
"MY",11,"Sarawak"
"MY",16,"Sabah"
"MY",8,"Perlis"
"MY",7,"Perak"
"MY",6,"Pahang"
"MY",5,"Negeri Sembilan"
"MY",3,"Kelantan"
"MY",14,"Kuala Lumpur"
"MY",9,"Penang"
"MY",2,"Kedah"
"MY",1,"Johor"
"MY",15,"Labuan"
"MY",17,"Putrajaya"
"MZ",9,"Zambezia"
"MZ",8,"Tete"
"MZ",5,"Sofala"
"MZ",7,"Niassa"
"MZ",6,"Nampula"
"MZ",4,"Maputo"
"MZ",10,"Manica"
"MZ",3,"Inhambane"
"MZ",2,"Gaza"
"MZ",1,"Cabo Delgado"
"MZ",11,"Maputo City"
"NA",28,"Zambezi"
"NA",21,"Khomas"
"NA",29,"Erongo"
"NA",30,"Hardap"
"NA",31,"Karas"
"NA",32,"Kunene"
"NA",33,"Ohangwena"
"NA",35,"Omaheke"
"NA",36,"Omusati"
"NA",37,"Oshana"
"NA",38,"Oshikoto"
"NA",39,"Otjozondjupa"
"NA",40,"Kavango East"
"NA",41,"Kavango West"
"NC",2,"South Province"
"NC",1,"North Province"
"NC",3,"Loyalty Islands"
"NE",7,"Zinder"
"NE",6,"Tahoua"
"NE",4,"Maradi"
"NE",3,"Dosso"
"NE",2,"Diffa"
"NE",1,"Agadez"
"NE",9,"Tillaberi"
"NE",8,"Niamey"
"NG",51,"Sokoto"
"NG",50,"Rivers"
"NG",49,"Plateau"
"NG",32,"Oyo"
"NG",48,"Ondo"
"NG",16,"Ogun"
"NG",31,"Niger"
"NG",5,"Lagos"
"NG",30,"Kwara"
"NG",24,"Katsina"
"NG",29,"Kano"
"NG",23,"Kaduna"
"NG",28,"Imo"
"NG",22,"Cross River"
"NG",27,"Borno"
"NG",26,"Benue"
"NG",46,"Bauchi"
"NG",25,"Anambra"
"NG",21,"Akwa Ibom"
"NG",11,"FCT"
"NG",45,"Abia"
"NG",36,"Delta"
"NG",35,"Adamawa"
"NG",37,"Edo"
"NG",47,"Enugu"
"NG",39,"Jigawa"
"NG",52,"Bayelsa"
"NG",53,"Ebonyi"
"NG",54,"Ekiti"
"NG",55,"Gombe"
"NG",56,"Nassarawa"
"NG",57,"Zamfara"
"NG",40,"Kebbi"
"NG",41,"Kogi"
"NG",42,"Osun"
"NG",43,"Taraba"
"NG",44,"Yobe"
"NI",15,"Rivas"
"NI",14,"Rio San Juan"
"NI",13,"Nueva Segovia"
"NI",12,"Matagalpa"
"NI",11,"Masaya"
"NI",10,"Managua"
"NI",9,"Madriz"
"NI",8,"Leon"
"NI",7,"Jinotega"
"NI",6,"Granada"
"NI",5,"Esteli"
"NI",4,"Chontales"
"NI",3,"Chinandega"
"NI",2,"Carazo"
"NI",1,"Boaco"
"NI",17,"Atlantico Norte (RAAN)"
"NI",18,"Atlantico Sur"
"NL",11,"South Holland"
"NL",10,"Zeeland"
"NL",9,"Utrecht"
"NL",15,"Overijssel"
"NL",7,"North Holland"
"NL",6,"North Brabant"
"NL",5,"Limburg"
"NL",4,"Groningen"
"NL",3,"Gelderland"
"NL",2,"Friesland"
"NL",1,"Drenthe"
"NL",16,"Flevoland"
"NO",5,"Finnmark"
"NO",20,"Vestfold"
"NO",19,"Vest-Agder"
"NO",18,"Troms"
"NO",17,"Telemark"
"NO",16,"Sor-Trondelag"
"NO",15,"Sogn og Fjordane"
"NO",14,"Rogaland"
"NO",13,"Ostfold"
"NO",12,"Oslo"
"NO",11,"Oppland"
"NO",10,"Nord-Trondelag"
"NO",9,"Nordland"
"NO",8,"More og Romsdal"
"NO",7,"Hordaland"
"NO",6,"Hedmark"
"NO",4,"Buskerud"
"NO",2,"Aust-Agder"
"NO",1,"Akershus"
"NP","FR","Far Western"
"NP","MR","Mid Western"
"NP","CR","Central Region"
"NP","ER","Eastern Region"
"NP","WR","Western Region"
"NR",14,"Yaren"
"NR",13,"Uaboe"
"NR",12,"Nibok"
"NR",11,"Meneng"
"NR",10,"Ijuw"
"NR",9,"Ewa"
"NR",8,"Denigomodu"
"NR",7,"Buada"
"NR",6,"Boe"
"NR",5,"Baiti"
"NR",4,"Anibare"
"NR",3,"Anetan"
"NR",2,"Anabar"
"NR",1,"Aiwo"
"NZ","G2","Wellington"
"NZ","F3","Manawatu-Wanganui"
"NZ","G1","Waikato"
"NZ","TAS","Tasman"
"NZ","F9","Taranaki"
"NZ","F8","Southland"
"NZ","E8","Bay of Plenty"
"NZ","F6","Northland"
"NZ","F4","Marlborough"
"NZ","F2","Hawke's Bay"
"NZ","F1","Gisborne"
"NZ","E9","Canterbury"
"NZ","E7","Auckland"
"NZ",10,"Chatham Islands"
"NZ","F5","Nelson"
"NZ","F7","Otago"
"NZ","G3","West Coast"
"OM",1,"Ad Dakhiliyah"
"OM",2,"Al Batinah South"
"OM",3,"Al Wusta"
"OM",4,"Southeastern Governorate"
"OM",9,"Az Zahirah"
"OM",6,"Muscat"
"OM",7,"Musandam"
"OM",8,"Dhofar"
"OM",10,"Al Buraimi"
"OM",12,"Northeastern Governorate"
"OM",11,"Al Batinah North"
"PA",10,"Veraguas"
"PA",9,"Guna Yala"
"PA",8,"Panama"
"PA",7,"Los Santos"
"PA",6,"Herrera"
"PA",5,"Darien"
"PA",4,"Colon"
"PA",3,"Cocle"
"PA",2,"Chiriqui"
"PA",1,"Bocas del Toro"
"PA",11,"Embera"
"PA",12,"Ngoebe-Bugle"
"PA",13,"Panama Oeste"
"PE",25,"Ucayali"
"PE",24,"Tumbes"
"PE",22,"San Martin"
"PE",20,"Piura"
"PE",16,"Loreto"
"PE",14,"Lambayeque"
"PE",13,"La Libertad"
"PE",10,"Huanuco"
"PE",6,"Cajamarca"
"PE",2,"Ancash"
"PE",1,"Amazonas"
"PE",23,"Tacna"
"PE",21,"Puno"
"PE",19,"Pasco"
"PE",18,"Moquegua"
"PE",17,"Madre de Dios"
"PE","LMA","Lima"
"PE",15,"Lima region"
"PE",12,"Junin"
"PE",11,"Ica"
"PE",9,"Huancavelica"
"PE",8,"Cusco"
"PE",7,"Callao"
"PE",5,"Ayacucho"
"PE",4,"Arequipa"
"PE",3,"Apurimac"
"PF",4,"Iles Marquises"
"PF",3,"Iles Tuamotu-Gambier"
"PF",2,"Leeward Islands"
"PF",1,"Iles du Vent"
"PF",5,"Iles Australes"
"PG",17,"West New Britain"
"PG",6,"Western Province"
"PG",16,"Western Highlands"
"PG",5,"Southern Highlands"
"PG",18,"Sandaun"
"PG",7,"Bougainville"
"PG",4,"Northern Province"
"PG",15,"New Ireland"
"PG",20,"National Capital"
"PG",14,"Morobe"
"PG",13,"Manus"
"PG",12,"Madang"
"PG",2,"Gulf"
"PG",19,"Enga"
"PG",11,"East Sepik"
"PG",10,"East New Britain"
"PG",9,"Eastern Highlands"
"PG",8,"Chimbu"
"PG",3,"Milne Bay"
"PG",1,"Central Province"
"PG",21,"Hela"
"PG",22,"Jiwaka"
"PH",14,"ARMM"
"PH",10,"Northern Mindanao"
"PH",41,"Mimaropa"
"PH",2,"Cagayan Valley"
"PH",12,"Soccsksargen"
"PH",13,"Caraga"
"PH",15,"Cordillera"
"PH",1,"Ilocos"
"PH",40,"Calabarzon"
"PH",6,"Western Visayas"
"PH",3,"Central Luzon"
"PH",7,"Central Visayas"
"PH",8,"Eastern Visayas"
"PH",9,"Zamboanga Peninsula"
"PH",11,"Davao"
"PH",5,"Bicol"
"PH","NCR","Metro Manila"
"PK",8,"Islamabad"
"PK",5,"Sindh"
"PK",4,"Punjab"
"PK",3,"Khyber Pakhtunkhwa"
"PK",7,"Gilgit-Baltistan"
"PK",1,"FATA"
"PK",2,"Balochistan"
"PK",6,"Azad Kashmir"
"PL",75,"Lublin"
"PL",77,"Lesser Poland Voivodeship"
"PL",78,"Mazovia"
"PL",80,"Subcarpathian Voivodeship"
"PL",81,"Podlasie"
"PL",84,"Swietokrzyskie"
"PL",85,"Warmia-Masuria"
"PL",72,"Lower Silesia"
"PL",74,"Lodz Voivodeship"
"PL",76,"Lubusz"
"PL",79,"Opole Voivodeship"
"PL",82,"Pomerania"
"PL",83,"Silesia"
"PL",86,"Greater Poland"
"PL",87,"West Pomerania"
"PL",73,"Kujawsko-Pomorskie"
"PM",97502,"Saint-Pierre"
"PM",97501,"Miquelon-Langlade"
"PR",1,"Adjuntas"
"PR",3,"Aguada"
"PR",5,"Aguadilla"
"PR",7,"Aguas Buenas"
"PR",9,"Aibonito"
"PR",11,"Anasco"
"PR",13,"Arecibo"
"PR",15,"Arroyo"
"PR",17,"Barceloneta"
"PR",19,"Barranquitas"
"PR",21,"Bayamon"
"PR",23,"Cabo Rojo"
"PR",25,"Caguas"
"PR",27,"Camuy"
"PR",29,"Canovanas"
"PR",31,"Carolina"
"PR",33,"Catano"
"PR",35,"Cayey"
"PR",37,"Ceiba"
"PR",39,"Ciales"
"PR",41,"Cidra"
"PR",43,"Coamo"
"PR",45,"Comerio"
"PR",47,"Corozal"
"PR",49,"Culebra"
"PR",51,"Dorado"
"PR",53,"Fajardo"
"PR",54,"Florida"
"PR",55,"Guanica"
"PR",57,"Guayama"
"PR",59,"Guayanilla"
"PR",61,"Guaynabo"
"PR",63,"Gurabo"
"PR",65,"Hatillo"
"PR",67,"Hormigueros"
"PR",69,"Humacao"
"PR",71,"Isabela"
"PR",73,"Municipio de Jayuya"
"PR",75,"Juana Diaz"
"PR",77,"Municipio de Juncos"
"PR",79,"Lajas"
"PR",81,"Lares"
"PR",83,"Las Marias"
"PR",85,"Las Piedras"
"PR",87,"Loiza"
"PR",89,"Luquillo"
"PR",91,"Manati"
"PR",93,"Maricao"
"PR",95,"Maunabo"
"PR",97,"Mayaguez"
"PR",99,"Moca"
"PR",101,"Morovis"
"PR",103,"Naguabo"
"PR",105,"Naranjito"
"PR",107,"Orocovis"
"PR",109,"Patillas"
"PR",111,"Penuelas"
"PR",113,"Ponce"
"PR",117,"Rincon"
"PR",115,"Quebradillas"
"PR",119,"Rio Grande"
"PR",121,"Sabana Grande"
"PR",123,"Salinas"
"PR",125,"San German"
"PR",127,"San Juan"
"PR",129,"San Lorenzo"
"PR",131,"San Sebastian"
"PR",133,"Santa Isabel Municipio"
"PR",135,"Toa Alta"
"PR",137,"Toa Baja"
"PR",139,"Trujillo Alto"
"PR",141,"Utuado"
"PR",143,"Vega Alta"
"PR",145,"Vega Baja"
"PR",149,"Villalba"
"PR",151,"Yabucoa"
"PR",153,"Yauco"
"PR",147,"Vieques"
"PS","GZ","Gaza Strip"
"PS","WE","West Bank"
"PT",19,"Setubal"
"PT",18,"Santarem"
"PT",16,"Portalegre"
"PT",14,"Lisbon"
"PT",13,"Leiria"
"PT",9,"Faro"
"PT",8,"Evora"
"PT",6,"Castelo Branco"
"PT",3,"Beja"
"PT",10,"Madeira"
"PT",22,"Viseu"
"PT",21,"Vila Real"
"PT",20,"Viana do Castelo"
"PT",17,"Porto"
"PT",11,"Guarda"
"PT",7,"Coimbra"
"PT",5,"Braganca"
"PT",4,"Braga"
"PT",2,"Aveiro"
"PT",23,"Azores"
"PW",11,"Ngatpang"
"PW",16,"Sonsorol"
"PW",5,"Kayangel"
"PW",4,"Hatohobei"
"PW",1,"Aimeliik"
"PW",2,"Airai"
"PW",3,"Angaur"
"PW",6,"Koror"
"PW",7,"Melekeok"
"PW",8,"Ngaraard"
"PW",12,"Ngchesar"
"PW",9,"Ngarchelong"
"PW",10,"Ngardmau"
"PW",13,"Ngaremlengui"
"PW",14,"Ngiwal"
"PW",15,"Peleliu"
"PY",17,"San Pedro"
"PY",16,"Presidente Hayes"
"PY",15,"Paraguari"
"PY",13,"Neembucu"
"PY",12,"Misiones"
"PY",11,"Itapua"
"PY",10,"Guaira"
"PY",8,"Cordillera"
"PY",7,"Concepcion"
"PY",6,"Central"
"PY",19,"Canindeyu"
"PY",5,"Caazapa"
"PY",4,"Caaguazu"
"PY",2,"Amambay"
"PY",1,"Alto Parana"
"PY",23,"Alto Paraguay"
"PY",22,"Asuncion"
"PY",24,"Boqueron"
"QA",8,"Madinat ash Shamal"
"QA",4,"Al Khawr"
"QA",9,"Baladiyat Umm Salal"
"QA",6,"Baladiyat ar Rayyan"
"QA",1,"Baladiyat ad Dawhah"
"QA",10,"Al Wakrah"
"QA",13,"Baladiyat az Za`ayin"
"QA",14,"Al-Shahaniya"
"RE","RE","Reunion"
"RO",40,"Vrancea"
"RO",39,"Valcea"
"RO",38,"Vaslui"
"RO",37,"Tulcea"
"RO",36,"Timis"
"RO",35,"Teleorman"
"RO",34,"Suceava"
"RO",33,"Sibiu"
"RO",32,"Satu Mare"
"RO",31,"Salaj"
"RO",30,"Prahova"
"RO",29,"Olt"
"RO",28,"Neamt"
"RO",27,"Mures"
"RO",26,"Mehedinti"
"RO",25,"Maramures"
"RO",23,"Iasi"
"RO",22,"Ialomita"
"RO",21,"Hunedoara"
"RO",20,"Harghita"
"RO",19,"Gorj"
"RO",42,"Giurgiu"
"RO",18,"Galati"
"RO",17,"Dolj"
"RO",16,"Dambovita"
"RO",15,"Covasna"
"RO",14,"Constanta"
"RO",13,"Cluj"
"RO",12,"Caras-Severin"
"RO",41,"Calarasi"
"RO",11,"Buzau"
"RO",10,"Bucuresti"
"RO",9,"Brasov"
"RO",8,"Braila"
"RO",7,"Botosani"
"RO",6,"Bistrita-Nasaud"
"RO",5,"Bihor"
"RO",4,"Bacau"
"RO",3,"Arges"
"RO",2,"Arad"
"RO",1,"Alba"
"RO",43,"Ilfov"
"RS","VO","Vojvodina"
"RS","SE","Central Serbia"
"RU",88,"Jaroslavl"
"RU",86,"Voronezj"
"RU",85,"Vologda"
"RU",84,"Volgograd"
"RU",81,"Ulyanovsk"
"RU",80,"Udmurtiya"
"RU",77,"Tverskaya"
"RU",76,"Tula"
"RU",73,"Tatarstan"
"RU",72,"Tambov"
"RU",70,"Stavropol'skiy"
"RU",69,"Smolensk"
"RU",67,"Saratov"
"RU",65,"Samara"
"RU",62,"Rjazan"
"RU",61,"Rostov"
"RU",60,"Pskov"
"RU",90,"Perm"
"RU",57,"Penza"
"RU",56,"Orjol"
"RU",55,"Orenburg"
"RU",52,"Novgorod"
"RU",68,"North Ossetia"
"RU",50,"Nenets"
"RU",49,"Murmansk"
"RU",48,"Moscow"
"RU",47,"Moscow Oblast"
"RU",46,"Mordoviya"
"RU",45,"Mariy-El"
"RU",43,"Lipetsk"
"RU",42,"Leningradskaya Oblast'"
"RU",66,"St.-Petersburg"
"RU",41,"Kursk"
"RU",38,"Krasnodarskiy"
"RU",37,"Kostroma"
"RU",34,"Komi"
"RU",33,"Kirov"
"RU",28,"Karelia"
"RU",27,"Karachayevo-Cherkesiya"
"RU",25,"Kaluga"
"RU",24,"Kalmykiya"
"RU",23,"Kaliningrad"
"RU",22,"Kabardino-Balkariya"
"RU",21,"Ivanovo"
"RU",19,"Ingushetiya"
"RU",51,"Nizjnij Novgorod"
"RU",17,"Dagestan"
"RU",16,"Chuvashia"
"RU",12,"Chechnya"
"RU",10,"Brjansk"
"RU",9,"Belgorod"
"RU",8,"Bashkortostan"
"RU",7,"Astrakhan"
"RU",6,"Arkhangelskaya"
"RU",1,"Adygeya"
"RU",83,"Vladimir"
"RU",87,"Yamalo-Nenets"
"RU",78,"Tyumenskaya"
"RU",79,"Republic of Tyva"
"RU",75,"Tomsk"
"RU",71,"Sverdlovsk"
"RU",54,"Omsk"
"RU",53,"Novosibirsk"
"RU",40,"Kurgan"
"RU",91,"Krasnoyarskiy"
"RU",32,"Khanty-Mansia"
"RU",31,"Khakasiya"
"RU",29,"Kemerovo"
"RU",3,"Altai"
"RU",13,"Chelyabinsk"
"RU",4,"Altai Krai"
"RU",63,"Chukot"
"RU",59,"Primorskiy"
"RU",30,"Khabarovsk"
"RU",20,"Irkutsk"
"RU",89,"Jewish Autonomous Oblast"
"RU",5,"Amur"
"RU",11,"Respublika Buryatiya"
"RU",64,"Sakhalin"
"RU",44,"Magadan"
"RU",92,"Kamtsjatka"
"RU",15,"Chukotka"
"RU",93,"Transbaikal Territory"
"RW",11,"Eastern Province"
"RW",12,"Kigali"
"RW",13,"Northern Province"
"RW",14,"Western Province"
"RW",15,"Southern Province"
"SA",19,"Tabuk"
"SA",16,"Najran"
"SA",14,"Makkah"
"SA",17,"Jizan"
"SA",13,"Hai'l Region"
"SA",11,"'Asir"
"SA",6,"Eastern Province"
"SA",10,"Ar Riyad"
"SA",8,"Al-Qassim"
"SA",5,"Al Madinah al Munawwarah"
"SA",20,"Al Jawf"
"SA",15,"Northern Borders"
"SA",2,"Al Bahah"
"SB",11,"Western Province"
"SB",3,"Malaita"
"SB",7,"Isabel"
"SB",6,"Guadalcanal"
"SB",10,"Central Province"
"SB",9,"Temotu"
"SB",8,"Makira"
"SB",12,"Choiseul"
"SB",13,"Rennell and Bellona"
"SB",14,"Honiara"
"SC",23,"Takamaka"
"SC",22,"Saint Louis"
"SC",27,"Port Glaud"
"SC",20,"Pointe Larue"
"SC",19,"Plaisance"
"SC",18,"Mont Fleuri"
"SC",17,"Mont Buxton"
"SC",26,"English River"
"SC",25,"Inner Islands"
"SC",24,"Grand Anse Mahe"
"SC",14,"Grand Anse Praslin"
"SC",12,"Glacis"
"SC",11,"Cascade"
"SC",10,"Bel Ombre"
"SC",9,"Bel Air"
"SC",8,"Beau Vallon"
"SC",7,"Baie Sainte Anne"
"SC",6,"Baie Lazare"
"SC",5,"Anse Royale"
"SC",3,"Anse Etoile"
"SC",2,"Anse Boileau"
"SC",1,"Anse-aux-Pins"
"SC",29,"Les Mamelles"
"SC",30,"Roche Caiman"
"SC",28,"Au Cap"
"SD",43,"Northern State"
"SD",29,"Khartoum"
"SD",36,"Red Sea"
"SD",38,"Al Jazirah"
"SD",39,"Al Qadarif"
"SD",41,"White Nile"
"SD",42,"Blue Nile"
"SD",47,"Western Darfur"
"SD",62,"West Kordofan State"
"SD",49,"Southern Darfur"
"SD",50,"Southern Kordofan"
"SD",52,"Kassala"
"SD",53,"River Nile"
"SD",55,"Northern Darfur"
"SD",56,"North Kordofan"
"SD",58,"Sinnar"
"SD",60,"Eastern Darfur"
"SD",61,"Central Darfur"
"SE",14,"Norrbotten"
"SE",25,"Vaestmanland"
"SE",24,"Vaesternorrland"
"SE",23,"Vaesterbotten"
"SE",22,"Vaermland"
"SE",21,"Uppsala"
"SE",26,"Stockholm"
"SE",18,"Soedermanland"
"SE",16,"OEstergoetland"
"SE",15,"OErebro"
"SE",12,"Kronoberg"
"SE",10,"Dalarna"
"SE",9,"Kalmar"
"SE",8,"Joenkoeping"
"SE",7,"Jaemtland"
"SE",6,"Halland"
"SE",5,"Gotland"
"SE",3,"Gaevleborg"
"SE",2,"Blekinge"
"SE",27,"Skane"
"SE",28,"Vaestra Goetaland"
"SG",1,"Central Singapore"
"SG",2,"North East"
"SG",4,"South East"
"SG",5,"South West"
"SG",3,"North West"
"SH",1,"Ascension"
"SH",3,"Tristan da Cunha"
"SH",2,"Saint Helena"
"SI","N5","Zalec"
"SI","E7","Zagorje ob Savi"
"SI","E5","Vrhnika"
"SI","D5","Trzic"
"SI","D4","Trebnje"
"SI","D3","Trbovlje"
"SI","D2","Tolmin"
"SI","D7","Velenje"
"SI","C5","Smarje pri Jelsah"
"SI","C4","Slovenska Konjice"
"SI","L8","Slovenska Bistrica"
"SI","C2","Slovenj Gradec"
"SI","B9","Skofja Loka"
"SI","B7","Sezana"
"SI","B6","Sevnica"
"SI","L7","Sentjur"
"SI","L1","Ribnica"
"SI","A3","Radovljica"
"SI","A2","Radlje ob Dravi"
"SI","K7","Ptuj"
"SI",94,"Postojna"
"SI","J9","Piran-Pirano"
"SI",87,"Ormoz"
"SI","J7","Novo Mesto"
"SI",84,"Nova Gorica"
"SI",80,"Murska Sobota"
"SI",79,"Mozirje"
"SI",73,"Metlika"
"SI","J2","Maribor"
"SI",64,"Logatec"
"SI","I6","Ljutomer"
"SI","I5","Litija"
"SI","I3","Lenart"
"SI",57,"Lasko"
"SI",54,"Krsko"
"SI",52,"Kranj"
"SI",50,"Koper-Capodistria"
"SI","H7","Kocevje"
"SI","H6","Kamnik"
"SI","H4","Jesenice"
"SI",40,"Izola-Isola"
"SI",38,"Ilirska Bistrica"
"SI",36,"Idrija"
"SI",34,"Hrastnik"
"SI",32,"Grosuplje"
"SI",29,"Gornja Radgona"
"SI",25,"Dravograd"
"SI","G7","Domzale"
"SI",17,"Crnomelj"
"SI",13,"Cerknica"
"SI",11,"Celje"
"SI",8,"Brezice"
"SI",1,"Ajdovscina"
"SI",35,"Hrpelje-Kozina"
"SI",19,"Divaca"
"SI",91,"Pivka"
"SI","I7","Loska Dolina"
"SI",66,"Loski Potok"
"SI",88,"Osilnica"
"SI","D8","Velike Lasce"
"SI","C1","Skofljica"
"SI",37,"Ig"
"SI",9,"Brezovica"
"SI",5,"Borovnica"
"SI","E1","Vipava"
"SI",49,"Komen"
"SI","J5","Miren-Kostanjevica"
"SI",7,"Brda"
"SI",44,"Kanal"
"SI","F2","Ziri"
"SI",14,"Cerkno"
"SI","F1","Zelezniki"
"SI",27,"Gorenja Vas-Poljane"
"SI","G4","Dobrova-Horjul-Polhov Gradec"
"SI",46,"Kobarid"
"SI",6,"Bovec"
"SI",4,"Bohinj"
"SI",3,"Bled"
"SI",82,"Naklo"
"SI",53,"Kranjska Gora"
"SI","K5","Preddvor"
"SI",12,"Cerklje na Gorenjskem"
"SI","B2","Sencur"
"SI","E3","Vodice"
"SI",71,"Medvode"
"SI",72,"Menges"
"SI",22,"Dol pri Ljubljani"
"SI",77,"Moravce"
"SI",30,"Gornji Grad"
"SI","I9","Luce"
"SI","K8","Ravne na Koroskem"
"SI",74,"Mezica"
"SI",81,"Muta"
"SI","E6","Vuzenica"
"SI",16,"Crna na Koroskem"
"SI",62,"Ljubno"
"SI","C7","Sostanj"
"SI","C6","Smartno ob Paki"
"SI",68,"Lukovica"
"SI",99,"Radece"
"SI",39,"Ivancna Gorica"
"SI",20,"Dobrepolje"
"SI","B1","Semic"
"SI","B4","Sentjernej"
"SI","B8","Skocjan"
"SI","C9","Store"
"SI","N3","Vojnik"
"SI","E2","Vitanje"
"SI","F3","Zrece"
"SI",76,"Mislinja"
"SI","L3","Ruse"
"SI",55,"Kungota"
"SI","B3","Sentilj"
"SI",89,"Pesnica"
"SI",26,"Duplek"
"SI",98,"Race-Fram"
"SI","C8","Starse"
"SI",45,"Kidricevo"
"SI","J1","Majsperk"
"SI","N2","Videm"
"SI","A7","Rogaska Slatina"
"SI","A8","Rogatec"
"SI",92,"Podcetrtek"
"SI",51,"Kozje"
"SI",28,"Gorisnica"
"SI","E9","Zavrc"
"SI",24,"Dornava"
"SI",42,"Jursinci"
"SI","D1","Sveti Jurij"
"SI","A1","Radenci"
"SI",97,"Puconci"
"SI","A6","Rogasovci"
"SI","I2","Kuzma"
"SI",31,"Gornji Petrovci"
"SI",78,"Moravske Toplice"
"SI",47,"Kobilje"
"SI",2,"Beltinci"
"SI","D6","Turnisce"
"SI",86,"Odranci"
"SI",15,"Crensovci"
"SI",83,"Nazarje"
"SI",61,"Ljubljana"
"SI","N7","Zirovnica"
"SI","H5","Jezersko"
"SI","M2","Solcava"
"SI","H8","Komenda"
"SI","H3","Horjul"
"SI","L6","Sempeter-Vrtojba"
"SI","F6","Bloke"
"SI","M1","Sodrazica"
"SI","M8","Trzin"
"SI","K6","Prevalje"
"SI","N4","Vransko"
"SI","M5","Tabor"
"SI","F7","Braslovce"
"SI","K3","Polzela"
"SI","K4","Prebold"
"SI","H9","Kostel"
"SI","N8","Zuzemberk"
"SI","G6","Dolenjske Toplice"
"SI","J6","Mirna Pec"
"SI","F5","Bistrica ob Sotli"
"SI","G2","Dobje"
"SI","G3","Dobrna"
"SI","J8","Oplotnica"
"SI","K2","Podvelka"
"SI","L2","Ribnica na Pohorju"
"SI","I8","Lovrenc na Pohorju"
"SI","L5","Selnica ob Dravi"
"SI","H1","Hoce-Slivnica"
"SI","J4","Miklavz na Dravskem Polju"
"SI","G9","Hajdina"
"SI","N6","Zetale"
"SI","K1","Podlehnik"
"SI","J3","Markovci"
"SI","G1","Destrnik"
"SI","M7","Trnovska Vas"
"SI","M4","Sveti Andraz v Slovenskih Goricah"
"SI","F9","Cerkvenjak"
"SI","F4","Benedikt"
"SI","M3","Sveta Ana"
"SI","I1","Krizevci"
"SI","N1","Verzej"
"SI","M9","Velika Polana"
"SI","I4","Lendava-Lendva"
"SI","G5","Dobrovnik-Dobronak"
"SI","M6","Tisina"
"SI","F8","Cankova"
"SI","G8","Grad"
"SI","H2","Hodos-Hodos"
"SI","K9","Razkrizje"
"SI","L9","Smartno pri Litiji"
"SI","L4","Salovci"
"SI","N9","Apace"
"SI","O1","Cirkulane"
"SI","O3","Kostanjevica na Krki"
"SI","O4","Log-Dragomer"
"SI","O5","Makole"
"SI","O7","Mokronog-Trebelno"
"SI","O8","Poljcane"
"SI","O9","Recica ob Savinji"
"SI","P1","Rence-Vogrsko"
"SI","P4","Sredisce ob Dravi"
"SI","P5","Straza"
"SI","P6","Sv. Trojica v Slov. Goricah"
"SI","P8","Sveti Tomaz"
"SI","P2","Sentrupert"
"SI","P3","Smarjeske Toplice"
"SI","P7","Sveti Jurij v Slovenskih Goricah"
"SI","O2","Gorje"
"SI","P9","Ankaran"
"SI","O6","Mirna"
"SJ",22,"Jan Mayen"
"SJ",21,"Svalbard"
"SK",3,"Kosicky"
"SK",5,"Presovsky"
"SK",8,"Zilinsky"
"SK",1,"Banskobystricky"
"SK",2,"Bratislavsky"
"SK",4,"Nitriansky"
"SK",6,"Trenciansky"
"SK",7,"Trnavsky"
"SL",4,"Western Area"
"SL",3,"Southern Province"
"SL",2,"Northern Province"
"SL",1,"Eastern Province"
"SM",9,"Serravalle"
"SM",2,"Chiesanuova"
"SM",7,"San Marino"
"SM",1,"Acquaviva"
"SM",6,"Borgo Maggiore"
"SM",3,"Domagnano"
"SM",4,"Faetano"
"SM",5,"Fiorentino"
"SM",8,"Montegiardino"
"SN",12,"Ziguinchor"
"SN",7,"Thies"
"SN",5,"Tambacounda"
"SN",14,"Saint-Louis"
"SN",15,"Matam"
"SN",13,"Louga"
"SN",11,"Kolda"
"SN",10,"Kaolack"
"SN",9,"Fatick"
"SN",3,"Diourbel"
"SN",1,"Dakar"
"SN",16,"Kaffrine"
"SN",17,"Kedougou"
"SN",18,"Sedhiou"
"SO",20,"Woqooyi Galbeed"
"SO",19,"Togdheer"
"SO",14,"Lower Shabeelle"
"SO",13,"Middle Shabele"
"SO",12,"Sanaag"
"SO",18,"Nugaal"
"SO",10,"Mudug"
"SO",9,"Lower Juba"
"SO",8,"Middle Juba"
"SO",7,"Hiiraan"
"SO",6,"Gedo"
"SO",5,"Galguduud"
"SO",4,"Bay"
"SO",3,"Bari"
"SO",2,"Banaadir"
"SO",1,"Bakool"
"SO",21,"Awdal"
"SO",22,"Sool"
"SR",19,"Wanica"
"SR",18,"Sipaliwini"
"SR",17,"Saramacca"
"SR",16,"Paramaribo"
"SR",15,"Para"
"SR",14,"Nickerie"
"SR",13,"Marowijne"
"SR",12,"Coronie"
"SR",11,"Commewijne"
"SR",10,"Brokopondo"
"SS",367894,"Ruweng"
"SS",9072661,"Maiwut"
"SS",9407085,"Akobo"
"SS",11550543,"Aweil"
"SS",11550544,"Eastern Lakes"
"SS",11550545,"Gogrial"
"SS",11550548,"Lol"
"SS",11550552,"Amadi State"
"SS",11550555,"Yei River"
"SS",11550558,"Fashoda"
"SS",11550562,"Gok"
"SS",11550563,"Tonj"
"SS",11550564,"Twic"
"SS",11550565,"Wau"
"SS",11550566,"Gbudwe"
"SS",11550567,"Imatong"
"SS",11550569,"Juba"
"SS",11550570,"Maridi"
"SS",11550571,"Terekeka"
"SS",11550573,"Boma"
"SS",11550574,"Bieh"
"SS",11550575,"Central Upper Nile"
"SS",11550576,"Jonglei"
"SS",11550577,"Latjoor"
"SS",11550578,"Northern Liech"
"SS",11550579,"Southern Liech"
"SS",11550580,"Fangak"
"SS",11550581,"Western Lakes"
"SS",11550582,"Aweil East"
"SS",11550588,"Northern Upper Nile"
"SS",11550589,"Tambura"
"SS",11550596,"Kapoeta"
"ST",2,"Sao Tome Island"
"ST",1,"Principe"
"SV",14,"Usulutan"
"SV",13,"Sonsonate"
"SV",12,"San Vicente"
"SV",11,"Santa Ana"
"SV",10,"San Salvador"
"SV",9,"San Miguel"
"SV",8,"Morazan"
"SV",7,"La Union"
"SV",6,"La Paz"
"SV",5,"La Libertad"
"SV",4,"Cuscatlan"
"SV",3,"Chalatenango"
"SV",2,"Cabanas"
"SV",1,"Ahuachapan"
"SY",14,"Tartus"
"SY",13,"Dimashq"
"SY",12,"Idlib"
"SY",11,"Homs"
"SY",10,"Hama"
"SY",9,"Aleppo"
"SY",8,"Rif-dimashq"
"SY",7,"Deir ez-Zor"
"SY",6,"Daraa"
"SY",5,"As-Suwayda"
"SY",4,"Ar-Raqqah"
"SY",3,"Quneitra"
"SY",2,"Latakia"
"SY",1,"Al-Hasakah"
"SZ",4,"Shiselweni"
"SZ",3,"Manzini"
"SZ",2,"Lubombo"
"SZ",1,"Hhohho"
"TD",13,"Salamat"
"TD",12,"Ouadai"
"TD",2,"Wadi Fira"
"TD",14,"Tandjile"
"TD",17,"Moyen-Chari"
"TD",16,"Mayo-Kebbi Est"
"TD",9,"Logone Oriental"
"TD",8,"Logone Occidental"
"TD",7,"Lac"
"TD",6,"Kanem"
"TD",5,"Guera"
"TD",15,"Chari-Baguirmi"
"TD",1,"Batha"
"TD",23,"Borkou"
"TD",18,"Hadjer-Lamis"
"TD",19,"Mandoul"
"TD",20,"Mayo-Kebbi Ouest"
"TD",21,"N'Djamena"
"TD",22,"Barh el Gazel"
"TD",25,"Sila"
"TD",26,"Tibesti"
"TD",28,"Ennedi-Ouest"
"TD",27,"Ennedi-Est"
"TF",2,"Crozet"
"TF",3,"Kerguelen"
"TF",1,"Saint-Paul-et-Amsterdam"
"TF",5,"Iles Eparses"
"TF",4,"Terre-Adelie"
"TG",26,"Savanes"
"TG",25,"Plateaux"
"TG",24,"Maritime"
"TG",22,"Centrale"
"TG",23,"Kara"
"TH",15,"Uthai Thani"
"TH",65,"Trang"
"TH",8,"Tak"
"TH",60,"Surat Thani"
"TH",9,"Sukhothai"
"TH",52,"Ratchaburi"
"TH",59,"Ranong"
"TH",57,"Prachuap Khiri Khan"
"TH",62,"Phuket"
"TH",56,"Phetchaburi"
"TH",61,"Phangnga"
"TH",1,"Mae Hong Son"
"TH",5,"Lamphun"
"TH",6,"Lampang"
"TH",63,"Krabi"
"TH",50,"Kanchanaburi"
"TH",11,"Kamphaeng Phet"
"TH",58,"Chumphon"
"TH",3,"Chiang Rai"
"TH",2,"Chiang Mai"
"TH",72,"Yasothon"
"TH",70,"Yala"
"TH",10,"Uttaradit"
"TH",49,"Trat"
"TH",29,"Surin"
"TH",51,"Suphan Buri"
"TH",68,"Songkhla"
"TH",30,"Sisaket"
"TH",33,"Sing Buri"
"TH",67,"Satun"
"TH",37,"Sara Buri"
"TH",54,"Samut Songkhram"
"TH",55,"Samut Sakhon"
"TH",42,"Samut Prakan"
"TH",20,"Sakon Nakhon"
"TH",25,"Roi Et"
"TH",47,"Rayong"
"TH",36,"Phra Nakhon Si Ayutthaya"
"TH",7,"Phrae"
"TH",12,"Phitsanulok"
"TH",13,"Phichit"
"TH",14,"Phetchabun"
"TH",41,"Phayao"
"TH",66,"Phatthalung"
"TH",69,"Pattani"
"TH",39,"Pathum Thani"
"TH",38,"Nonthaburi"
"TH",17,"Nong Khai"
"TH",31,"Narathiwat"
"TH",4,"Nan"
"TH",64,"Nakhon Si Thammarat"
"TH",16,"Nakhon Sawan"
"TH",27,"Nakhon Ratchasima"
"TH",73,"Nakhon Phanom"
"TH",53,"Nakhon Pathom"
"TH",43,"Nakhon Nayok"
"TH",78,"Mukdahan"
"TH",24,"Maha Sarakham"
"TH",34,"Lop Buri"
"TH",18,"Loei"
"TH",40,"Bangkok"
"TH",22,"Khon Kaen"
"TH",23,"Kalasin"
"TH",46,"Chon Buri"
"TH",48,"Chanthaburi"
"TH",26,"Chaiyaphum"
"TH",32,"Chai Nat"
"TH",44,"Chachoengsao"
"TH",28,"Buriram"
"TH",35,"Ang Thong"
"TH",76,"Changwat Udon Thani"
"TH",74,"Prachin Buri"
"TH",75,"Changwat Ubon Ratchathani"
"TH",77,"Amnat Charoen"
"TH",79,"Changwat Nong Bua Lamphu"
"TH",80,"Sa Kaeo"
"TH",81,"Changwat Bueng Kan"
"TJ",3,"Viloyati Sughd"
"TJ",1,"Gorno-Badakhshan"
"TJ",2,"Khatlon"
"TJ","RR","Republican Subordination"
"TJ",4,"Dushanbe"
"TK","N","Nukunonu"
"TK","F","Fakaofo"
"TK","A","Atafu"
"TL","VI","Viqueque"
"TL","MF","Manufahi"
"TL","MT","Manatuto"
"TL","LI","Liquica"
"TL","LA","Lautem"
"TL","CO","Cova Lima"
"TL","ER","Ermera"
"TL","DI","Dili"
"TL","BO","Bobonaro"
"TL","BA","Baucau"
"TL","OE","Oecusse"
"TL","AN","Ainaro"
"TL","AL","Aileu"
"TM",2,"Balkan"
"TM",1,"Ahal"
"TM","S","Ashgabat"
"TM",3,"Dasoguz"
"TM",5,"Mary"
"TM",4,"Lebap"
"TN",37,"Zaghwan"
"TN",36,"Tunis"
"TN",35,"Tawzar"
"TN",34,"Tataouine"
"TN",23,"Susah"
"TN",22,"Silyanah"
"TN",33,"Sidi Bu Zayd"
"TN",32,"Safaqis"
"TN",31,"Qibili"
"TN",30,"Gafsa"
"TN",29,"Qabis"
"TN",19,"Nabul"
"TN",28,"Madanin"
"TN",6,"Jundubah"
"TN",27,"Bin 'Arus"
"TN",18,"Banzart"
"TN",17,"Bajah"
"TN",38,"Ariana"
"TN",3,"Al Qayrawan"
"TN",2,"Al Qasrayn"
"TN",16,"Al Munastir"
"TN",15,"Al Mahdiyah"
"TN",14,"Kef"
"TN",39,"Manouba"
"TO",3,"Vava`u"
"TO",2,"Tongatapu"
"TO",1,"Ha`apai"
"TO","EU","'Eua"
"TO","NI","Niuas"
"TR",66,"Yozgat"
"TR",65,"Van"
"TR",64,"Usak"
"TR",63,"Sanliurfa"
"TR",62,"Tunceli"
"TR",58,"Sivas"
"TR",74,"Siirt"
"TR",73,"Nigde"
"TR",50,"Nevsehir"
"TR",49,"Mus"
"TR",48,"Mugla"
"TR",72,"Mardin"
"TR",45,"Manisa"
"TR",44,"Malatya"
"TR",43,"Kuetahya"
"TR",71,"Konya"
"TR",40,"Kirsehir"
"TR",38,"Kayseri"
"TR",46,"Kahramanmaras"
"TR",35,"Izmir"
"TR",33,"Isparta"
"TR",32,"Mersin"
"TR",31,"Hatay"
"TR",70,"Hakkari"
"TR",83,"Gaziantep"
"TR",26,"Eskisehir"
"TR",25,"Erzurum"
"TR",24,"Erzincan"
"TR",23,"Elazig"
"TR",21,"Diyarbakir"
"TR",20,"Denizli"
"TR",15,"Burdur"
"TR",13,"Bitlis"
"TR",12,"Bingoel"
"TR",11,"Bilecik"
"TR",10,"Balikesir"
"TR",9,"Aydin"
"TR",7,"Antalya"
"TR",68,"Ankara"
"TR",4,"Agri"
"TR",3,"Afyonkarahisar"
"TR",2,"Adiyaman"
"TR",81,"Adana"
"TR",91,"Osmaniye"
"TR",88,"Igdir"
"TR",75,"Aksaray"
"TR",76,"Batman"
"TR",78,"Karaman"
"TR",79,"Kirikkale"
"TR",80,"Sirnak"
"TR",90,"Kilis"
"TR",85,"Zonguldak"
"TR",61,"Trabzon"
"TR",60,"Tokat"
"TR",59,"Tekirdag"
"TR",57,"Sinop"
"TR",55,"Samsun"
"TR",54,"Sakarya"
"TR",53,"Rize"
"TR",52,"Ordu"
"TR",41,"Kocaeli"
"TR",39,"Kirklareli"
"TR",37,"Kastamonu"
"TR",84,"Kars"
"TR",34,"Istanbul"
"TR",69,"Gumushane"
"TR",28,"Giresun"
"TR",22,"Edirne"
"TR",19,"Corum"
"TR",82,"Cankiri"
"TR",17,"Canakkale"
"TR",16,"Bursa"
"TR",14,"Bolu"
"TR",8,"Artvin"
"TR",5,"Amasya"
"TR",87,"Bartin"
"TR",89,"Karabuk"
"TR",92,"Yalova"
"TR",86,"Ardahan"
"TR",77,"Bayburt"
"TR",93,"Duzce"
"TT",11,"Tobago"
"TT",10,"City of San Fernando"
"TT",5,"City of Port of Spain"
"TT",3,"Mayaro"
"TT",1,"Borough of Arima"
"TT","CHA","Chaguanas"
"TT","CTT","Couva-Tabaquite-Talparo"
"TT","DMN","Diego Martin"
"TT","PED","Penal/Debe"
"TT","PRT","Princes Town"
"TT","PTF","Point Fortin"
"TT","SGE","Sangre Grande"
"TT","SIP","Siparia"
"TT","SJL","San Juan/Laventille"
"TT","TUP","Tunapuna/Piarco"
"TV","NUI","Nui"
"TV","NMA","Nanumea"
"TV","FUN","Funafuti"
"TV","NIT","Niutao"
"TV","NMG","Nanumanga"
"TV","VAI","Vaitupu"
"TV","NKF","Nukufetau"
"TV","NKL","Nukulaelae"
"TW",1,"Fukien"
"TW",2,"Takao"
"TW",3,"Taipei"
"TW",4,"Taiwan"
"TZ",19,"Kagera"
"TZ",25,"Zanzibar Urban/West"
"TZ",22,"Zanzibar North"
"TZ",21,"Zanzibar Central/South"
"TZ",18,"Tanga"
"TZ",17,"Tabora"
"TZ",16,"Singida"
"TZ",15,"Shinyanga"
"TZ",24,"Rukwa"
"TZ",2,"Pwani"
"TZ",20,"Pemba South"
"TZ",13,"Pemba North"
"TZ",12,"Mwanza"
"TZ",10,"Morogoro"
"TZ",9,"Mbeya"
"TZ",8,"Mara"
"TZ",7,"Lindi"
"TZ",6,"Kilimanjaro"
"TZ",5,"Kigoma"
"TZ",4,"Iringa"
"TZ",3,"Dodoma"
"TZ",23,"Dar es Salaam"
"TZ",26,"Arusha"
"TZ",27,"Manyara"
"TZ",14,"Ruvuma"
"TZ",11,"Mtwara"
"TZ",31,"Simiyu"
"TZ",28,"Geita"
"TZ",29,"Katavi"
"TZ",30,"Njombe"
"UA",27,"Zhytomyr"
"UA",26,"Zaporizhia"
"UA",25,"Transcarpathia"
"UA",24,"Volyn"
"UA",23,"Vinnyts'ka"
"UA",22,"Ternopil"
"UA",21,"Sumy"
"UA",20,"Gorod Sevastopol"
"UA",19,"Rivne"
"UA",18,"Poltava"
"UA",17,"Odessa"
"UA",16,"Mykolaiv"
"UA",15,"Lviv"
"UA",14,"Luhansk"
"UA",13,"Kyiv"
"UA",12,"Kyiv City"
"UA",11,"Republic of Crimea"
"UA",10,"Kropyvnytskyi"
"UA",9,"Khmelnytskyi"
"UA",8,"Kherson"
"UA",7,"Kharkiv"
"UA",6,"Ivano-Frankivsk"
"UA",5,"Donetsk"
"UA",4,"Dnipro"
"UA",3,"Chernivtsi"
"UA",2,"Chernihiv"
"UA",1,"Cherkasy"
"UG","C","Central Region"
"UG","E","Eastern Region"
"UG","N","Northern Region"
"UG","W","Western Region"
"UM",450,"Wake Island"
"UM",350,"Navassa Island"
"UM",50,"Baker Island"
"UM",100,"Howland Island"
"UM",150,"Jarvis Island"
"UM",200,"Johnston Atoll"
"UM",250,"Kingman Reef"
"UM",300,"Midway Islands"
"UM",400,"Palmyra Atoll"
"US","AR","Arkansas"
"US","DC","Washington, D.C."
"US","DE","Delaware"
"US","FL","Florida"
"US","GA","Georgia"
"US","KS","Kansas"
"US","LA","Louisiana"
"US","MD","Maryland"
"US","MO","Missouri"
"US","MS","Mississippi"
"US","NC","North Carolina"
"US","OK","Oklahoma"
"US","SC","South Carolina"
"US","TN","Tennessee"
"US","TX","Texas"
"US","WV","West Virginia"
"US","AL","Alabama"
"US","CT","Connecticut"
"US","IA","Iowa"
"US","IL","Illinois"
"US","IN","Indiana"
"US","ME","Maine"
"US","MI","Michigan"
"US","MN","Minnesota"
"US","NE","Nebraska"
"US","NH","New Hampshire"
"US","NJ","New Jersey"
"US","NY","New York"
"US","OH","Ohio"
"US","RI","Rhode Island"
"US","VT","Vermont"
"US","WI","Wisconsin"
"US","CA","California"
"US","CO","Colorado"
"US","NM","New Mexico"
"US","NV","Nevada"
"US","UT","Utah"
"US","AZ","Arizona"
"US","ID","Idaho"
"US","MT","Montana"
"US","ND","North Dakota"
"US","OR","Oregon"
"US","SD","South Dakota"
"US","WA","Washington"
"US","WY","Wyoming"
"US","HI","Hawaii"
"US","AK","Alaska"
"US","KY","Kentucky"
"US","MA","Massachusetts"
"US","PA","Pennsylvania"
"US","VA","Virginia"
"UY",19,"Treinta y Tres"
"UY",18,"Tacuarembo"
"UY",17,"Soriano"
"UY",16,"San Jose"
"UY",15,"Salto"
"UY",14,"Rocha"
"UY",13,"Rivera"
"UY",12,"Rio Negro"
"UY",11,"Paysandu"
"UY",10,"Montevideo"
"UY",9,"Maldonado"
"UY",8,"Lavalleja"
"UY",7,"Florida"
"UY",6,"Flores"
"UY",5,"Durazno"
"UY",4,"Colonia"
"UY",3,"Cerro Largo"
"UY",2,"Canelones"
"UY",1,"Artigas"
"UZ",9,"Karakalpakstan"
"UZ",12,"Surxondaryo"
"UZ",10,"Samarqand"
"UZ",8,"Qashqadaryo"
"UZ",2,"Bukhara"
"UZ",14,"Toshkent"
"UZ",13,"Toshkent Shahri"
"UZ",16,"Sirdaryo"
"UZ",7,"Navoiy"
"UZ",6,"Namangan"
"UZ",5,"Xorazm"
"UZ",15,"Jizzax"
"UZ",3,"Fergana"
"UZ",1,"Andijon"
"VC",5,"Saint Patrick"
"VC",4,"Saint George"
"VC",3,"Saint David"
"VC",2,"Saint Andrew"
"VC",6,"Grenadines"
"VC",1,"Charlotte"
"VE",23,"Zulia"
"VE",22,"Yaracuy"
"VE",21,"Trujillo"
"VE",20,"Tachira"
"VE",19,"Sucre"
"VE",18,"Portuguesa"
"VE",17,"Nueva Esparta"
"VE",16,"Monagas"
"VE",15,"Miranda"
"VE",14,"Merida"
"VE",13,"Lara"
"VE",12,"Guarico"
"VE",24,"Dependencias Federales"
"VE",25,"Capital"
"VE",11,"Falcon"
"VE",9,"Delta Amacuro"
"VE",8,"Cojedes"
"VE",7,"Carabobo"
"VE",6,"Bolivar"
"VE",5,"Barinas"
"VE",4,"Aragua"
"VE",3,"Apure"
"VE",2,"Anzoategui"
"VE",1,"Amazonas"
"VE",26,"Vargas"
"VI",10,"Saint Croix Island"
"VI",20,"Saint John Island"
"VI",30,"Saint Thomas Island"
"VN",58,"Nghe An"
"VN",59,"Ninh Binh"
"VN",60,"Ninh Thuan"
"VN",65,"Soc Trang"
"VN",67,"Tra Vinh"
"VN",68,"Tuyen Quang"
"VN",69,"Vinh Long"
"VN",70,"Yen Bai"
"VN",90,"Lao Cai"
"VN",37,"Tien Giang"
"VN",66,"Thua Thien-Hue"
"VN",55,"Kon Tum"
"VN",34,"Thanh Hoa"
"VN",35,"Thai Binh"
"VN",33,"Tay Ninh"
"VN",32,"Son La"
"VN",64,"Quang Tri"
"VN",30,"Quang Ninh"
"VN",63,"Quang Ngai"
"VN",62,"Quang Binh"
"VN",61,"Phu Yen"
"VN",53,"Hoa Binh"
"VN",24,"Long An"
"VN",39,"Lang Son"
"VN",23,"Lam Dong"
"VN",89,"Lai Chau"
"VN",21,"Kien Giang"
"VN",54,"Khanh Hoa"
"VN",20,"Ho Chi Minh City"
"VN",52,"Ha Tinh"
"VN",50,"Ha Giang"
"VN",49,"Gia Lai"
"VN",44,"Ha Noi"
"VN",87,"Can Tho"
"VN",13,"Hai Phong"
"VN",47,"Binh Thuan"
"VN",9,"Dong Thap"
"VN",43,"Dong Nai"
"VN",88,"Dac Lak"
"VN",45,"Ba Ria-Vung Tau"
"VN",5,"Cao Bang"
"VN",46,"Binh Dinh"
"VN",3,"Ben Tre"
"VN",1,"An Giang"
"VN",91,"Dak Nong"
"VN",92,"Tinh Dien Bien"
"VN",74,"Bac Ninh"
"VN",71,"Bac Giang"
"VN",78,"Da Nang"
"VN",75,"Binh Duong"
"VN",76,"Binh Phuoc"
"VN",85,"Thai Nguyen"
"VN",84,"Quang Nam"
"VN",83,"Phu Tho"
"VN",82,"Nam Dinh"
"VN",80,"Ha Nam"
"VN",72,"Bac Kan"
"VN",73,"Bac Lieu"
"VN",77,"Ca Mau"
"VN",79,"Hai Duong"
"VN",81,"Hung Yen"
"VN",86,"Vinh Phuc"
"VN",93,"Hau Giang"
"VU",15,"Tafea"
"VU",13,"Sanma"
"VU",7,"Torba"
"VU",16,"Malampa"
"VU",17,"Penama"
"VU",18,"Shefa"
"WF",98613,"Uvea"
"WF",98612,"Sigave"
"WF",98611,"Alo"
"WS",11,"Vaisigano"
"WS",6,"Va`a-o-Fonoti"
"WS",10,"Tuamasaga"
"WS",9,"Satupa`itea"
"WS",8,"Palauli"
"WS",7,"Gagaifomauga"
"WS",5,"Gaga`emauga"
"WS",4,"Fa`asaleleaga"
"WS",3,"Atua"
"WS",2,"Aiga-i-le-Tai"
"WS",1,"A'ana"
"XK",10096138,"Ferizaj"
"XK",10096859,"Gjakova"
"XK",10097357,"Gjilan"
"XK",10097358,"Mitrovica"
"XK",10097359,"Pec"
"XK",10097360,"Pristina"
"XK",10097361,"Prizren"
"YE",25,"Ta'izz"
"YE",5,"Shabwah"
"YE",16,"Sanaa"
"YE",15,"Sa'dah"
"YE",27,"Raymah"
"YE",14,"Ma'rib"
"YE",10,"Al Mahwit"
"YE",21,"Al Jawf"
"YE",4,"Muhafazat Hadramawt"
"YE",11,"Dhamar"
"YE",3,"Al Mahrah"
"YE",8,"Al Hudaydah"
"YE",20,"Al Bayda Governorate"
"YE",2,"Aden"
"YE",1,"Abyan"
"YE",18,"Ad Dali'"
"YE",19,"Omran"
"YE",22,"Hajjah"
"YE",23,"Ibb"
"YE",24,"Lahij"
"YE",26,"Amanat Al Asimah"
"YE",28,"Soqatra"
"YT",97601,"Acoua"
"YT",97602,"Bandraboua"
"YT",97603,"Bandrele"
"YT",97604,"Boueni"
"YT",97605,"Chiconi"
"YT",97606,"Chirongui"
"YT",97607,"Dembeni"
"YT",97608,"Dzaoudzi"
"YT",97609,"Kani-Keli"
"YT",97610,"Koungou"
"YT",97611,"Mamoudzou"
"YT",97612,"Mtsamboro"
"YT",97613,"M'Tsangamouji"
"YT",97614,"Ouangani"
"YT",97615,"Pamandzi"
"YT",97616,"Sada"
"YT",97617,"Tsingoni"
"ZA",3,"Orange Free State"
"ZA",2,"KwaZulu-Natal"
"ZA",5,"Eastern Cape"
"ZA",6,"Gauteng"
"ZA",7,"Mpumalanga"
"ZA",8,"Northern Cape"
"ZA",9,"Limpopo"
"ZA",10,"North-West"
"ZA",11,"Western Cape"
"ZM",1,"Western"
"ZM",7,"Southern"
"ZM",6,"North-Western"
"ZM",5,"Northern"
"ZM",9,"Lusaka"
"ZM",4,"Luapula"
"ZM",3,"Eastern"
"ZM",8,"Copperbelt"
"ZM",2,"Central"
"ZM",10,"Muchinga"
"ZW",2,"Midlands"
"ZW",7,"Matabeleland South"
"ZW",6,"Matabeleland North"
"ZW",8,"Masvingo"
"ZW",5,"Mashonaland West"
"ZW",4,"Mashonaland East"
"ZW",3,"Mashonaland Central"
"ZW",1,"Manicaland"
"ZW",9,"Bulawayo"
"ZW",10,"Harare"
