<?xml version="1.0" encoding="UTF-8"?>
<actions>
    <action>
        <actionName>CUSTOM-clean and package</actionName>
        <displayName>clean and package</displayName>
        <goals>
            <goal>clean</goal>
            <goal>package</goal>
        </goals>
    </action>
    <action>
        <actionName>CUSTOM-clearn package docker</actionName>
        <displayName>clean package docker</displayName>
        <goals>
            <goal>clean</goal>
            <goal>package</goal>
        </goals>
        <activatedProfiles>
            <activatedProfile>docker</activatedProfile>
        </activatedProfiles>
    </action>
    <action>
            <actionName>CUSTOM-install</actionName>
            <displayName>install</displayName>
            <goals>
                <goal>install</goal>
            </goals>
        </action>
</actions>
